country,region,comparison_class,indicator_code,sector,requested_year,actual_year,proxy_distance_years,value,display_value_1dp,unit,source_id,source_locator,caveat,release_or_retrieval_date,comparability_class,chart_input_id
Ghana,Africa,African case,SL.AGR.EMPL.ZS,Agriculture,1990,1991,1,71.7798539769875,71.8,percent of total employment,SRC-WDI-001,https://api.worldbank.org/v2/country/GHA/indicator/SL.AGR.EMPL.ZS?date=1991:1991&format=json,Common +1-year proxy; label 1991. ILO modelled agriculture share.,WDI release 2026-07-13; retrieved 2026-10-06,APPROVED_WITH_VISIBLE_CAVEAT,GHA-SL_AGR_EMPL_ZS-1990-1991
Ghana,Africa,African case,SL.IND.EMPL.ZS,Industry,1990,1991,1,8.97060315413509,9.0,percent of total employment,SRC-WDI-001,https://api.worldbank.org/v2/country/GHA/indicator/SL.IND.EMPL.ZS?date=1991:1991&format=json,Common +1-year proxy; label 1991. ILO modelled industry share.,WDI release 2026-07-13; retrieved 2026-10-06,APPROVED_WITH_VISIBLE_CAVEAT,GHA-SL_IND_EMPL_ZS-1990-1991
Ghana,Africa,African case,SL.SRV.EMPL.ZS,Services,1990,1991,1,19.2495592579111,19.2,percent of total employment,SRC-WDI-001,https://api.worldbank.org/v2/country/GHA/indicator/SL.SRV.EMPL.ZS?date=1991:1991&format=json,Common +1-year proxy; label 1991. ILO modelled services share.,WDI release 2026-07-13; retrieved 2026-10-06,APPROVED_WITH_VISIBLE_CAVEAT,GHA-SL_SRV_EMPL_ZS-1990-1991
Ghana,Africa,African case,SL.AGR.EMPL.ZS,Agriculture,2020,2020,0,37.4159627643187,37.4,percent of total employment,SRC-WDI-001,https://api.worldbank.org/v2/country/GHA/indicator/SL.AGR.EMPL.ZS?date=2020:2020&format=json,Pandemic-year endpoint; ILO modelled agriculture share.,WDI release 2026-07-13; retrieved 2026-10-06,APPROVED_FOR_DIRECT_COMPARISON,GHA-SL_AGR_EMPL_ZS-2020-2020
Ghana,Africa,African case,SL.IND.EMPL.ZS,Industry,2020,2020,0,15.2083269307954,15.2,percent of total employment,SRC-WDI-001,https://api.worldbank.org/v2/country/GHA/indicator/SL.IND.EMPL.ZS?date=2020:2020&format=json,Pandemic-year endpoint; ILO modelled industry share.,WDI release 2026-07-13; retrieved 2026-10-06,APPROVED_FOR_DIRECT_COMPARISON,GHA-SL_IND_EMPL_ZS-2020-2020
Ghana,Africa,African case,SL.SRV.EMPL.ZS,Services,2020,2020,0,47.3757103048859,47.4,percent of total employment,SRC-WDI-001,https://api.worldbank.org/v2/country/GHA/indicator/SL.SRV.EMPL.ZS?date=2020:2020&format=json,Pandemic-year endpoint; ILO modelled services share.,WDI release 2026-07-13; retrieved 2026-10-06,APPROVED_FOR_DIRECT_COMPARISON,GHA-SL_SRV_EMPL_ZS-2020-2020
Botswana,Africa,African case,SL.AGR.EMPL.ZS,Agriculture,1990,1991,1,12.5783465060846,12.6,percent of total employment,SRC-WDI-001,https://api.worldbank.org/v2/country/BWA/indicator/SL.AGR.EMPL.ZS?date=1991:1991&format=json,Common +1-year proxy; label 1991. ILO modelled agriculture share.,WDI release 2026-07-13; retrieved 2026-10-06,APPROVED_WITH_VISIBLE_CAVEAT,BWA-SL_AGR_EMPL_ZS-1990-1991
Botswana,Africa,African case,SL.IND.EMPL.ZS,Industry,1990,1991,1,21.2711077656505,21.3,percent of total employment,SRC-WDI-001,https://api.worldbank.org/v2/country/BWA/indicator/SL.IND.EMPL.ZS?date=1991:1991&format=json,Common +1-year proxy; label 1991. ILO modelled industry share.,WDI release 2026-07-13; retrieved 2026-10-06,APPROVED_WITH_VISIBLE_CAVEAT,BWA-SL_IND_EMPL_ZS-1990-1991
Botswana,Africa,African case,SL.SRV.EMPL.ZS,Services,1990,1991,1,66.150545728265,66.1,percent of total employment,SRC-WDI-001,https://api.worldbank.org/v2/country/BWA/indicator/SL.SRV.EMPL.ZS?date=1991:1991&format=json,Common +1-year proxy; label 1991. ILO modelled services share.,WDI release 2026-07-13; retrieved 2026-10-06,APPROVED_WITH_VISIBLE_CAVEAT,BWA-SL_SRV_EMPL_ZS-1990-1991
Botswana,Africa,African case,SL.AGR.EMPL.ZS,Agriculture,2020,2020,0,19.4434039808138,19.5,percent of total employment,SRC-WDI-001,https://api.worldbank.org/v2/country/BWA/indicator/SL.AGR.EMPL.ZS?date=2020:2020&format=json,Pandemic-year endpoint; ILO modelled agriculture share.,WDI release 2026-07-13; retrieved 2026-10-06,APPROVED_FOR_DIRECT_COMPARISON,BWA-SL_AGR_EMPL_ZS-2020-2020
Botswana,Africa,African case,SL.IND.EMPL.ZS,Industry,2020,2020,0,15.0395116063718,15.0,percent of total employment,SRC-WDI-001,https://api.worldbank.org/v2/country/BWA/indicator/SL.IND.EMPL.ZS?date=2020:2020&format=json,Pandemic-year endpoint; ILO modelled industry share.,WDI release 2026-07-13; retrieved 2026-10-06,APPROVED_FOR_DIRECT_COMPARISON,BWA-SL_IND_EMPL_ZS-2020-2020
Botswana,Africa,African case,SL.SRV.EMPL.ZS,Services,2020,2020,0,65.5169543548605,65.5,percent of total employment,SRC-WDI-001,https://api.worldbank.org/v2/country/BWA/indicator/SL.SRV.EMPL.ZS?date=2020:2020&format=json,Pandemic-year endpoint; ILO modelled services share.,WDI release 2026-07-13; retrieved 2026-10-06,APPROVED_FOR_DIRECT_COMPARISON,BWA-SL_SRV_EMPL_ZS-2020-2020
Mauritius,Africa,African case,SL.AGR.EMPL.ZS,Agriculture,1990,1991,1,19.6470688126191,19.6,percent of total employment,SRC-WDI-001,https://api.worldbank.org/v2/country/MUS/indicator/SL.AGR.EMPL.ZS?date=1991:1991&format=json,Common +1-year proxy; label 1991. ILO modelled agriculture share.,WDI release 2026-07-13; retrieved 2026-10-06,APPROVED_WITH_VISIBLE_CAVEAT,MUS-SL_AGR_EMPL_ZS-1990-1991
Mauritius,Africa,African case,SL.IND.EMPL.ZS,Industry,1990,1991,1,34.9940564916319,35.0,percent of total employment,SRC-WDI-001,https://api.worldbank.org/v2/country/MUS/indicator/SL.IND.EMPL.ZS?date=1991:1991&format=json,Common +1-year proxy; label 1991. ILO modelled industry share.,WDI release 2026-07-13; retrieved 2026-10-06,APPROVED_WITH_VISIBLE_CAVEAT,MUS-SL_IND_EMPL_ZS-1990-1991
Mauritius,Africa,African case,SL.SRV.EMPL.ZS,Services,1990,1991,1,45.3586388422423,45.4,percent of total employment,SRC-WDI-001,https://api.worldbank.org/v2/country/MUS/indicator/SL.SRV.EMPL.ZS?date=1991:1991&format=json,Common +1-year proxy; label 1991. ILO modelled services share.,WDI release 2026-07-13; retrieved 2026-10-06,APPROVED_WITH_VISIBLE_CAVEAT,MUS-SL_SRV_EMPL_ZS-1990-1991
Mauritius,Africa,African case,SL.AGR.EMPL.ZS,Agriculture,2020,2020,0,5.31785814286734,5.3,percent of total employment,SRC-WDI-001,https://api.worldbank.org/v2/country/MUS/indicator/SL.AGR.EMPL.ZS?date=2020:2020&format=json,Pandemic-year endpoint; ILO modelled agriculture share.,WDI release 2026-07-13; retrieved 2026-10-06,APPROVED_FOR_DIRECT_COMPARISON,MUS-SL_AGR_EMPL_ZS-2020-2020
Mauritius,Africa,African case,SL.IND.EMPL.ZS,Industry,2020,2020,0,23.4043954957972,23.4,percent of total employment,SRC-WDI-001,https://api.worldbank.org/v2/country/MUS/indicator/SL.IND.EMPL.ZS?date=2020:2020&format=json,Pandemic-year endpoint; ILO modelled industry share.,WDI release 2026-07-13; retrieved 2026-10-06,APPROVED_FOR_DIRECT_COMPARISON,MUS-SL_IND_EMPL_ZS-2020-2020
Mauritius,Africa,African case,SL.SRV.EMPL.ZS,Services,2020,2020,0,71.2777463613354,71.3,percent of total employment,SRC-WDI-001,https://api.worldbank.org/v2/country/MUS/indicator/SL.SRV.EMPL.ZS?date=2020:2020&format=json,Pandemic-year endpoint; ILO modelled services share.,WDI release 2026-07-13; retrieved 2026-10-06,APPROVED_FOR_DIRECT_COMPARISON,MUS-SL_SRV_EMPL_ZS-2020-2020
South Korea,Asia,Asian case,SL.AGR.EMPL.ZS,Agriculture,1990,1991,1,15.4803368403517,15.5,percent of total employment,SRC-WDI-001,https://api.worldbank.org/v2/country/KOR/indicator/SL.AGR.EMPL.ZS?date=1991:1991&format=json,Common +1-year proxy; label 1991. ILO modelled agriculture share.,WDI release 2026-07-13; retrieved 2026-10-06,APPROVED_WITH_VISIBLE_CAVEAT,KOR-SL_AGR_EMPL_ZS-1990-1991
South Korea,Asia,Asian case,SL.IND.EMPL.ZS,Industry,1990,1991,1,37.1597644608214,37.1,percent of total employment,SRC-WDI-001,https://api.worldbank.org/v2/country/KOR/indicator/SL.IND.EMPL.ZS?date=1991:1991&format=json,Common +1-year proxy; label 1991. ILO modelled industry share.,WDI release 2026-07-13; retrieved 2026-10-06,APPROVED_WITH_VISIBLE_CAVEAT,KOR-SL_IND_EMPL_ZS-1990-1991
South Korea,Asia,Asian case,SL.SRV.EMPL.ZS,Services,1990,1991,1,47.359888440688,47.4,percent of total employment,SRC-WDI-001,https://api.worldbank.org/v2/country/KOR/indicator/SL.SRV.EMPL.ZS?date=1991:1991&format=json,Common +1-year proxy; label 1991. ILO modelled services share.,WDI release 2026-07-13; retrieved 2026-10-06,APPROVED_WITH_VISIBLE_CAVEAT,KOR-SL_SRV_EMPL_ZS-1990-1991
South Korea,Asia,Asian case,SL.AGR.EMPL.ZS,Agriculture,2020,2020,0,5.37120678440121,5.4,percent of total employment,SRC-WDI-001,https://api.worldbank.org/v2/country/KOR/indicator/SL.AGR.EMPL.ZS?date=2020:2020&format=json,Pandemic-year endpoint; ILO modelled agriculture share.,WDI release 2026-07-13; retrieved 2026-10-06,APPROVED_FOR_DIRECT_COMPARISON,KOR-SL_AGR_EMPL_ZS-2020-2020
South Korea,Asia,Asian case,SL.IND.EMPL.ZS,Industry,2020,2020,0,24.6462264496937,24.6,percent of total employment,SRC-WDI-001,https://api.worldbank.org/v2/country/KOR/indicator/SL.IND.EMPL.ZS?date=2020:2020&format=json,Pandemic-year endpoint; ILO modelled industry share.,WDI release 2026-07-13; retrieved 2026-10-06,APPROVED_FOR_DIRECT_COMPARISON,KOR-SL_IND_EMPL_ZS-2020-2020
South Korea,Asia,Asian case,SL.SRV.EMPL.ZS,Services,2020,2020,0,69.9825667659051,70.0,percent of total employment,SRC-WDI-001,https://api.worldbank.org/v2/country/KOR/indicator/SL.SRV.EMPL.ZS?date=2020:2020&format=json,Pandemic-year endpoint; ILO modelled services share.,WDI release 2026-07-13; retrieved 2026-10-06,APPROVED_FOR_DIRECT_COMPARISON,KOR-SL_SRV_EMPL_ZS-2020-2020
Malaysia,Asia,Asian case,SL.AGR.EMPL.ZS,Agriculture,1990,1991,1,18.9054959419233,18.9,percent of total employment,SRC-WDI-001,https://api.worldbank.org/v2/country/MYS/indicator/SL.AGR.EMPL.ZS?date=1991:1991&format=json,Common +1-year proxy; label 1991. ILO modelled agriculture share.,WDI release 2026-07-13; retrieved 2026-10-06,APPROVED_WITH_VISIBLE_CAVEAT,MYS-SL_AGR_EMPL_ZS-1990-1991
Malaysia,Asia,Asian case,SL.IND.EMPL.ZS,Industry,1990,1991,1,32.8123692989236,32.8,percent of total employment,SRC-WDI-001,https://api.worldbank.org/v2/country/MYS/indicator/SL.IND.EMPL.ZS?date=1991:1991&format=json,Common +1-year proxy; label 1991. ILO modelled industry share.,WDI release 2026-07-13; retrieved 2026-10-06,APPROVED_WITH_VISIBLE_CAVEAT,MYS-SL_IND_EMPL_ZS-1990-1991
Malaysia,Asia,Asian case,SL.SRV.EMPL.ZS,Services,1990,1991,1,48.2821347591531,48.3,percent of total employment,SRC-WDI-001,https://api.worldbank.org/v2/country/MYS/indicator/SL.SRV.EMPL.ZS?date=1991:1991&format=json,Common +1-year proxy; label 1991. ILO modelled services share.,WDI release 2026-07-13; retrieved 2026-10-06,APPROVED_WITH_VISIBLE_CAVEAT,MYS-SL_SRV_EMPL_ZS-1990-1991
Malaysia,Asia,Asian case,SL.AGR.EMPL.ZS,Agriculture,2020,2020,0,10.470225235867,10.5,percent of total employment,SRC-WDI-001,https://api.worldbank.org/v2/country/MYS/indicator/SL.AGR.EMPL.ZS?date=2020:2020&format=json,Pandemic-year endpoint; ILO modelled agriculture share.,WDI release 2026-07-13; retrieved 2026-10-06,APPROVED_FOR_DIRECT_COMPARISON,MYS-SL_AGR_EMPL_ZS-2020-2020
Malaysia,Asia,Asian case,SL.IND.EMPL.ZS,Industry,2020,2020,0,26.1668675751684,26.2,percent of total employment,SRC-WDI-001,https://api.worldbank.org/v2/country/MYS/indicator/SL.IND.EMPL.ZS?date=2020:2020&format=json,Pandemic-year endpoint; ILO modelled industry share.,WDI release 2026-07-13; retrieved 2026-10-06,APPROVED_FOR_DIRECT_COMPARISON,MYS-SL_IND_EMPL_ZS-2020-2020
Malaysia,Asia,Asian case,SL.SRV.EMPL.ZS,Services,2020,2020,0,63.3629009801003,63.3,percent of total employment,SRC-WDI-001,https://api.worldbank.org/v2/country/MYS/indicator/SL.SRV.EMPL.ZS?date=2020:2020&format=json,Pandemic-year endpoint; ILO modelled services share.,WDI release 2026-07-13; retrieved 2026-10-06,APPROVED_FOR_DIRECT_COMPARISON,MYS-SL_SRV_EMPL_ZS-2020-2020
Philippines,Asia,Asian case,SL.AGR.EMPL.ZS,Agriculture,1990,1991,1,44.0794150779753,44.1,percent of total employment,SRC-WDI-001,https://api.worldbank.org/v2/country/PHL/indicator/SL.AGR.EMPL.ZS?date=1991:1991&format=json,Common +1-year proxy; label 1991. ILO modelled agriculture share.,WDI release 2026-07-13; retrieved 2026-10-06,APPROVED_WITH_VISIBLE_CAVEAT,PHL-SL_AGR_EMPL_ZS-1990-1991
Philippines,Asia,Asian case,SL.IND.EMPL.ZS,Industry,1990,1991,1,16.611696934329,16.6,percent of total employment,SRC-WDI-001,https://api.worldbank.org/v2/country/PHL/indicator/SL.IND.EMPL.ZS?date=1991:1991&format=json,Common +1-year proxy; label 1991. ILO modelled industry share.,WDI release 2026-07-13; retrieved 2026-10-06,APPROVED_WITH_VISIBLE_CAVEAT,PHL-SL_IND_EMPL_ZS-1990-1991
Philippines,Asia,Asian case,SL.SRV.EMPL.ZS,Services,1990,1991,1,39.3088924971693,39.3,percent of total employment,SRC-WDI-001,https://api.worldbank.org/v2/country/PHL/indicator/SL.SRV.EMPL.ZS?date=1991:1991&format=json,Common +1-year proxy; label 1991. ILO modelled services share.,WDI release 2026-07-13; retrieved 2026-10-06,APPROVED_WITH_VISIBLE_CAVEAT,PHL-SL_SRV_EMPL_ZS-1990-1991
Philippines,Asia,Asian case,SL.AGR.EMPL.ZS,Agriculture,2020,2020,0,24.5081370532987,24.5,percent of total employment,SRC-WDI-001,https://api.worldbank.org/v2/country/PHL/indicator/SL.AGR.EMPL.ZS?date=2020:2020&format=json,Pandemic-year endpoint; ILO modelled agriculture share.,WDI release 2026-07-13; retrieved 2026-10-06,APPROVED_FOR_DIRECT_COMPARISON,PHL-SL_AGR_EMPL_ZS-2020-2020
Philippines,Asia,Asian case,SL.IND.EMPL.ZS,Industry,2020,2020,0,18.7126188899983,18.7,percent of total employment,SRC-WDI-001,https://api.worldbank.org/v2/country/PHL/indicator/SL.IND.EMPL.ZS?date=2020:2020&format=json,Pandemic-year endpoint; ILO modelled industry share.,WDI release 2026-07-13; retrieved 2026-10-06,APPROVED_FOR_DIRECT_COMPARISON,PHL-SL_IND_EMPL_ZS-2020-2020
Philippines,Asia,Asian case,SL.SRV.EMPL.ZS,Services,2020,2020,0,56.779244056703,56.8,percent of total employment,SRC-WDI-001,https://api.worldbank.org/v2/country/PHL/indicator/SL.SRV.EMPL.ZS?date=2020:2020&format=json,Pandemic-year endpoint; ILO modelled services share.,WDI release 2026-07-13; retrieved 2026-10-06,APPROVED_FOR_DIRECT_COMPARISON,PHL-SL_SRV_EMPL_ZS-2020-2020
