country,region,comparison_class,indicator_code,requested_year,actual_year,value,display_value_1dp,unit,display_label,source_id,source_locator,caveat,release_or_retrieval_date,comparability_class,chart_input_id
Ghana,Africa,African case,NV.IND.MANF.ZS,1960,1965,9.75443383356071,9.8,percent of GDP,9.8 %,SRC-WDI-001,https://api.worldbank.org/v2/country/GHA/indicator/NV.IND.MANF.ZS?date=1965:1965&format=json,"Five-year proxy; print 1965, not 1960.",WDI release 2026-07-13; retrieved 2026-10-06,APPROVED_WITH_VISIBLE_CAVEAT,GHA-NV_IND_MANF_ZS-1960-1965
Ghana,Africa,African case,NV.IND.MANF.ZS,1990,1990,9.76285290799468,9.8,percent of GDP,9.8 %,SRC-WDI-001,https://api.worldbank.org/v2/country/GHA/indicator/NV.IND.MANF.ZS?date=1990:1990&format=json,Current-price share; Philippines excluded because its 1990 value is another national-accounts vintage.,WDI release 2026-07-13; retrieved 2026-10-06,APPROVED_FOR_DIRECT_COMPARISON,GHA-NV_IND_MANF_ZS-1990-1990
Ghana,Africa,African case,NV.IND.MANF.ZS,2020,2020,10.9530558483938,11.0,percent of GDP,11.0 %,SRC-WDI-001,https://api.worldbank.org/v2/country/GHA/indicator/NV.IND.MANF.ZS?date=2020:2020&format=json,Pandemic-year current-price composition effect.,WDI release 2026-07-13; retrieved 2026-10-06,APPROVED_FOR_DIRECT_COMPARISON,GHA-NV_IND_MANF_ZS-2020-2020
Botswana,Africa,African case,NV.IND.MANF.ZS,1960,1965,11.5853658536585,11.6,percent of GDP,11.6 %,SRC-WDI-001,https://api.worldbank.org/v2/country/BWA/indicator/NV.IND.MANF.ZS?date=1965:1965&format=json,"Five-year pre-independence proxy; print 1965, not 1960.",WDI release 2026-07-13; retrieved 2026-10-06,APPROVED_WITH_VISIBLE_CAVEAT,BWA-NV_IND_MANF_ZS-1960-1965
Botswana,Africa,African case,NV.IND.MANF.ZS,1990,1990,4.77075017547342,4.8,percent of GDP,4.8 %,SRC-WDI-001,https://api.worldbank.org/v2/country/BWA/indicator/NV.IND.MANF.ZS?date=1990:1990&format=json,Current-price share; Philippines excluded because its 1990 value is another national-accounts vintage.,WDI release 2026-07-13; retrieved 2026-10-06,APPROVED_FOR_DIRECT_COMPARISON,BWA-NV_IND_MANF_ZS-1990-1990
Botswana,Africa,African case,NV.IND.MANF.ZS,2020,2020,5.65905088338406,5.7,percent of GDP,5.7 %,SRC-WDI-001,https://api.worldbank.org/v2/country/BWA/indicator/NV.IND.MANF.ZS?date=2020:2020&format=json,Pandemic-year current-price composition effect.,WDI release 2026-07-13; retrieved 2026-10-06,APPROVED_FOR_DIRECT_COMPARISON,BWA-NV_IND_MANF_ZS-2020-2020
Mauritius,Africa,African case,NV.IND.MANF.ZS,1990,1990,20.3722570941437,20.4,percent of GDP,20.4 %,SRC-WDI-001,https://api.worldbank.org/v2/country/MUS/indicator/NV.IND.MANF.ZS?date=1990:1990&format=json,Current-price share; Philippines excluded because its 1990 value is another national-accounts vintage.,WDI release 2026-07-13; retrieved 2026-10-06,APPROVED_FOR_DIRECT_COMPARISON,MUS-NV_IND_MANF_ZS-1990-1990
Mauritius,Africa,African case,NV.IND.MANF.ZS,2020,2020,10.6686355036685,10.7,percent of GDP,10.7 %,SRC-WDI-001,https://api.worldbank.org/v2/country/MUS/indicator/NV.IND.MANF.ZS?date=2020:2020&format=json,Pandemic-year current-price composition effect.,WDI release 2026-07-13; retrieved 2026-10-06,APPROVED_FOR_DIRECT_COMPARISON,MUS-NV_IND_MANF_ZS-2020-2020
South Korea,Asia,Asian case,NV.IND.MANF.ZS,1960,1960,11.4035087719298,11.4,percent of GDP,11.4 %,SRC-WDI-001,https://api.worldbank.org/v2/country/KOR/indicator/NV.IND.MANF.ZS?date=1960:1960&format=json,,WDI release 2026-07-13; retrieved 2026-10-06,APPROVED_FOR_DIRECT_COMPARISON,KOR-NV_IND_MANF_ZS-1960-1960
South Korea,Asia,Asian case,NV.IND.MANF.ZS,1990,1990,25.2385195677477,25.2,percent of GDP,25.2 %,SRC-WDI-001,https://api.worldbank.org/v2/country/KOR/indicator/NV.IND.MANF.ZS?date=1990:1990&format=json,Current-price share; Philippines excluded because its 1990 value is another national-accounts vintage.,WDI release 2026-07-13; retrieved 2026-10-06,APPROVED_FOR_DIRECT_COMPARISON,KOR-NV_IND_MANF_ZS-1990-1990
South Korea,Asia,Asian case,NV.IND.MANF.ZS,2020,2020,25.7002433607737,25.7,percent of GDP,25.7 %,SRC-WDI-001,https://api.worldbank.org/v2/country/KOR/indicator/NV.IND.MANF.ZS?date=2020:2020&format=json,Pandemic-year current-price composition effect.,WDI release 2026-07-13; retrieved 2026-10-06,APPROVED_FOR_DIRECT_COMPARISON,KOR-NV_IND_MANF_ZS-2020-2020
Malaysia,Asia,Asian case,NV.IND.MANF.ZS,1960,1960,10.2609802250256,10.3,percent of GDP,10.3 %,SRC-WDI-001,https://api.worldbank.org/v2/country/MYS/indicator/NV.IND.MANF.ZS?date=1960:1960&format=json,Retrospective territorial series predates the 1963 formation of Malaysia.,WDI release 2026-07-13; retrieved 2026-10-06,APPROVED_WITH_VISIBLE_CAVEAT,MYS-NV_IND_MANF_ZS-1960-1960
Malaysia,Asia,Asian case,NV.IND.MANF.ZS,1990,1990,24.2246873976537,24.2,percent of GDP,24.2 %,SRC-WDI-001,https://api.worldbank.org/v2/country/MYS/indicator/NV.IND.MANF.ZS?date=1990:1990&format=json,Current-price share; Philippines excluded because its 1990 value is another national-accounts vintage.,WDI release 2026-07-13; retrieved 2026-10-06,APPROVED_FOR_DIRECT_COMPARISON,MYS-NV_IND_MANF_ZS-1990-1990
Malaysia,Asia,Asian case,NV.IND.MANF.ZS,2020,2020,22.2320858423886,22.2,percent of GDP,22.2 %,SRC-WDI-001,https://api.worldbank.org/v2/country/MYS/indicator/NV.IND.MANF.ZS?date=2020:2020&format=json,Pandemic-year current-price composition effect.,WDI release 2026-07-13; retrieved 2026-10-06,APPROVED_FOR_DIRECT_COMPARISON,MYS-NV_IND_MANF_ZS-2020-2020
Philippines,Asia,Asian case,NV.IND.MANF.ZS,2020,2020,17.6581790478661,17.7,percent of GDP,17.7 %,SRC-WDI-001,https://api.worldbank.org/v2/country/PHL/indicator/NV.IND.MANF.ZS?date=2020:2020&format=json,Pandemic-year current-price composition effect.,WDI release 2026-07-13; retrieved 2026-10-06,APPROVED_FOR_DIRECT_COMPARISON,PHL-NV_IND_MANF_ZS-2020-2020
