country,region,comparison_class,indicator_code,requested_year,actual_year,value,unit,display_label,source_id,source_locator,caveat,release_or_retrieval_date,comparability_class,chart_input_id
Ghana,Africa,African case,NY.GDP.PCAP.KD,1960,1960,1100.76305218242,constant 2015 US dollars per person,"US$1,101",SRC-WDI-001,https://api.worldbank.org/v2/country/GHA/indicator/NY.GDP.PCAP.KD?date=1960:1960&format=json,,WDI release 2026-07-13; retrieved 2026-10-06,APPROVED_FOR_DIRECT_COMPARISON,GHA-NY_GDP_PCAP_KD-1960-1960
Ghana,Africa,African case,NY.GDP.PCAP.KD,1990,1990,855.85250708181,constant 2015 US dollars per person,US$856,SRC-WDI-001,https://api.worldbank.org/v2/country/GHA/indicator/NY.GDP.PCAP.KD?date=1990:1990&format=json,,WDI release 2026-07-13; retrieved 2026-10-06,APPROVED_FOR_DIRECT_COMPARISON,GHA-NY_GDP_PCAP_KD-1990-1990
Ghana,Africa,African case,NY.GDP.PCAP.KD,2020,2020,1970.19411460398,constant 2015 US dollars per person,"US$1,970",SRC-WDI-001,https://api.worldbank.org/v2/country/GHA/indicator/NY.GDP.PCAP.KD?date=2020:2020&format=json,Pandemic-year endpoint.,WDI release 2026-07-13; retrieved 2026-10-06,APPROVED_FOR_DIRECT_COMPARISON,GHA-NY_GDP_PCAP_KD-2020-2020
Botswana,Africa,African case,NY.GDP.PCAP.KD,1960,1960,393.861742487166,constant 2015 US dollars per person,US$394,SRC-WDI-001,https://api.worldbank.org/v2/country/BWA/indicator/NY.GDP.PCAP.KD?date=1960:1960&format=json,,WDI release 2026-07-13; retrieved 2026-10-06,APPROVED_FOR_DIRECT_COMPARISON,BWA-NY_GDP_PCAP_KD-1960-1960
Botswana,Africa,African case,NY.GDP.PCAP.KD,1990,1990,4039.46544455099,constant 2015 US dollars per person,"US$4,039",SRC-WDI-001,https://api.worldbank.org/v2/country/BWA/indicator/NY.GDP.PCAP.KD?date=1990:1990&format=json,,WDI release 2026-07-13; retrieved 2026-10-06,APPROVED_FOR_DIRECT_COMPARISON,BWA-NY_GDP_PCAP_KD-1990-1990
Botswana,Africa,African case,NY.GDP.PCAP.KD,2020,2020,6254.24806241091,constant 2015 US dollars per person,"US$6,254",SRC-WDI-001,https://api.worldbank.org/v2/country/BWA/indicator/NY.GDP.PCAP.KD?date=2020:2020&format=json,Pandemic-year endpoint.,WDI release 2026-07-13; retrieved 2026-10-06,APPROVED_FOR_DIRECT_COMPARISON,BWA-NY_GDP_PCAP_KD-2020-2020
Mauritius,Africa,African case,NY.GDP.PCAP.KD,1960,1960,1419.4048237128,constant 2015 US dollars per person,"US$1,419",SRC-WDI-001,https://api.worldbank.org/v2/country/MUS/indicator/NY.GDP.PCAP.KD?date=1960:1960&format=json,,WDI release 2026-07-13; retrieved 2026-10-06,APPROVED_FOR_DIRECT_COMPARISON,MUS-NY_GDP_PCAP_KD-1960-1960
Mauritius,Africa,African case,NY.GDP.PCAP.KD,1990,1990,3846.40593009531,constant 2015 US dollars per person,"US$3,846",SRC-WDI-001,https://api.worldbank.org/v2/country/MUS/indicator/NY.GDP.PCAP.KD?date=1990:1990&format=json,,WDI release 2026-07-13; retrieved 2026-10-06,APPROVED_FOR_DIRECT_COMPARISON,MUS-NY_GDP_PCAP_KD-1990-1990
Mauritius,Africa,African case,NY.GDP.PCAP.KD,2020,2020,9533.5982796049,constant 2015 US dollars per person,"US$9,534",SRC-WDI-001,https://api.worldbank.org/v2/country/MUS/indicator/NY.GDP.PCAP.KD?date=2020:2020&format=json,Pandemic-year endpoint.,WDI release 2026-07-13; retrieved 2026-10-06,APPROVED_FOR_DIRECT_COMPARISON,MUS-NY_GDP_PCAP_KD-2020-2020
South Korea,Asia,Asian case,NY.GDP.PCAP.KD,1960,1960,1037.72899231615,constant 2015 US dollars per person,"US$1,038",SRC-WDI-001,https://api.worldbank.org/v2/country/KOR/indicator/NY.GDP.PCAP.KD?date=1960:1960&format=json,,WDI release 2026-07-13; retrieved 2026-10-06,APPROVED_FOR_DIRECT_COMPARISON,KOR-NY_GDP_PCAP_KD-1960-1960
South Korea,Asia,Asian case,NY.GDP.PCAP.KD,1990,1990,9672.57845182894,constant 2015 US dollars per person,"US$9,673",SRC-WDI-001,https://api.worldbank.org/v2/country/KOR/indicator/NY.GDP.PCAP.KD?date=1990:1990&format=json,,WDI release 2026-07-13; retrieved 2026-10-06,APPROVED_FOR_DIRECT_COMPARISON,KOR-NY_GDP_PCAP_KD-1990-1990
South Korea,Asia,Asian case,NY.GDP.PCAP.KD,2020,2020,33215.9298928108,constant 2015 US dollars per person,"US$33,216",SRC-WDI-001,https://api.worldbank.org/v2/country/KOR/indicator/NY.GDP.PCAP.KD?date=2020:2020&format=json,Pandemic-year endpoint.,WDI release 2026-07-13; retrieved 2026-10-06,APPROVED_FOR_DIRECT_COMPARISON,KOR-NY_GDP_PCAP_KD-2020-2020
Malaysia,Asia,Asian case,NY.GDP.PCAP.KD,1960,1960,1266.31525712689,constant 2015 US dollars per person,"US$1,266",SRC-WDI-001,https://api.worldbank.org/v2/country/MYS/indicator/NY.GDP.PCAP.KD?date=1960:1960&format=json,Retrospective territorial series predates the 1963 formation of Malaysia; print territorial note.,WDI release 2026-07-13; retrieved 2026-10-06,APPROVED_WITH_VISIBLE_CAVEAT,MYS-NY_GDP_PCAP_KD-1960-1960
Malaysia,Asia,Asian case,NY.GDP.PCAP.KD,1990,1990,4184.76072928976,constant 2015 US dollars per person,"US$4,185",SRC-WDI-001,https://api.worldbank.org/v2/country/MYS/indicator/NY.GDP.PCAP.KD?date=1990:1990&format=json,,WDI release 2026-07-13; retrieved 2026-10-06,APPROVED_FOR_DIRECT_COMPARISON,MYS-NY_GDP_PCAP_KD-1990-1990
Malaysia,Asia,Asian case,NY.GDP.PCAP.KD,2020,2020,10171.4657842762,constant 2015 US dollars per person,"US$10,171",SRC-WDI-001,https://api.worldbank.org/v2/country/MYS/indicator/NY.GDP.PCAP.KD?date=2020:2020&format=json,Pandemic-year endpoint.,WDI release 2026-07-13; retrieved 2026-10-06,APPROVED_FOR_DIRECT_COMPARISON,MYS-NY_GDP_PCAP_KD-2020-2020
Philippines,Asia,Asian case,NY.GDP.PCAP.KD,1960,1960,1123.78209980486,constant 2015 US dollars per person,"US$1,124",SRC-WDI-001,https://api.worldbank.org/v2/country/PHL/indicator/NY.GDP.PCAP.KD?date=1960:1960&format=json,,WDI release 2026-07-13; retrieved 2026-10-06,APPROVED_FOR_DIRECT_COMPARISON,PHL-NY_GDP_PCAP_KD-1960-1960
Philippines,Asia,Asian case,NY.GDP.PCAP.KD,1990,1990,1704.07568899121,constant 2015 US dollars per person,"US$1,704",SRC-WDI-001,https://api.worldbank.org/v2/country/PHL/indicator/NY.GDP.PCAP.KD?date=1990:1990&format=json,,WDI release 2026-07-13; retrieved 2026-10-06,APPROVED_FOR_DIRECT_COMPARISON,PHL-NY_GDP_PCAP_KD-1990-1990
Philippines,Asia,Asian case,NY.GDP.PCAP.KD,2020,2020,3198.66690008413,constant 2015 US dollars per person,"US$3,199",SRC-WDI-001,https://api.worldbank.org/v2/country/PHL/indicator/NY.GDP.PCAP.KD?date=2020:2020&format=json,Pandemic-year endpoint.,WDI release 2026-07-13; retrieved 2026-10-06,APPROVED_FOR_DIRECT_COMPARISON,PHL-NY_GDP_PCAP_KD-2020-2020
