theory_id,theory_name,bounded_verdict,country,region,case_role,cell_verdict_short,cell_summary,cell_claim_ids,cell_source_ids,theory_limitation,theory_revision_or_rejection_condition
T1,Connected Development,Supported-with-exceptions,Ghana,Africa,consistent,"Consistent, not causal","Ghana inherited both usable transport assets and export dependence; after 1991 labour reallocated without Korea-like manufacturing deepening.",RES001-A02;RES001-A09;ECON001-A02,SRC-WB-GHA85-001;SRC-JEDWAB-MORADI12-001;SRC-WDI-001;SRC-WB-GHA20-001,"Registered evidence cannot establish whether infrastructure preceded growth, followed demand, or worked through bundled skills, policy, finance, ownership, and market-access conditions; export evidence remains source-specific and cannot be converted into a common composition series.","Revise 'connection' to the specific channel actually measured if matched time-series evidence shows only physical access, global-market access, or domestic supplier depth moving with capability. Reject as an important independent explanation if dated comparable evidence shows that productive network depth consistently followed rather than preceded upgrading, or that similarly connected cases diverged after capabilities, institutions, ownership, shocks, and market access were accounted for."
T1,Connected Development,Supported-with-exceptions,Botswana,Africa,strongest_challenge,Strong exception,"Large income gains followed a weakly connected inheritance; manufacturing and exports remained narrow. Challenges inherited infrastructure as a prerequisite but cannot establish whether productive connection was necessary.",BWA-HIST-IND;BWA-THEORY-COUNTER;BWA-ELC-2020;BWA-MANF-FIND;BWA-THEORY-INST,SRC-MAIPOSE08-001;SRC-WDI-001;SRC-IMF-BWA98-001;SRC-SB-TRADE21-001;SRC-WB-BWA23-001;SRC-HILLBOM14-001,"Registered evidence cannot establish whether infrastructure preceded growth, followed demand, or worked through bundled skills, policy, finance, ownership, and market-access conditions; export evidence remains source-specific and cannot be converted into a common composition series.","Revise 'connection' to the specific channel actually measured if matched time-series evidence shows only physical access, global-market access, or domestic supplier depth moving with capability. Reject as an important independent explanation if dated comparable evidence shows that productive network depth consistently followed rather than preceded upgrading, or that similarly connected cases diverged after capabilities, institutions, ownership, shocks, and market access were accounted for."
T1,Connected Development,Supported-with-exceptions,Mauritius,Africa,support_with_conditions,Support with conditions,"Concentrated sugar inheritance was progressively repurposed into EPZ employment, tourism, and services; near-universal electricity by 1990. Inheritance can finance and constrain later development.",MUS-HIST-DIVERS;MUS-ELC-1990;RES001-A12,SRC-WB-MUS97-001;SRC-WDI-001;SRC-WB-GHA85-001;SRC-MAIPOSE08-001;SRC-HILLBOM14-001;SRC-IMF-MUS14-001;SRC-MUS-ARCH-001;SRC-XENOS70-001;SRC-KOHLI94-001;SRC-HAGGARD97-001;SRC-WB-MYS24-001;SRC-DOLAN93-001;SRC-WB-PHL87-001,"Registered evidence cannot establish whether infrastructure preceded growth, followed demand, or worked through bundled skills, policy, finance, ownership, and market-access conditions; export evidence remains source-specific and cannot be converted into a common composition series.","Revise 'connection' to the specific channel actually measured if matched time-series evidence shows only physical access, global-market access, or domestic supplier depth moving with capability. Reject as an important independent explanation if dated comparable evidence shows that productive network depth consistently followed rather than preceded upgrading, or that similarly connected cases diverged after capabilities, institutions, ownership, shocks, and market access were accounted for."
T1,Connected Development,Supported-with-exceptions,South Korea,Asia,support_with_major_alternatives,Multi-causal support,"Industrialisation combined infrastructure with capability building, education, land change, investment coordination, export-linked discipline, and correction; colonial inheritances were disrupted by division, war, and later policy change.",ECON001-A03;RES001-A07,SRC-WB-EAM93-001;SRC-KOHLI94-001;SRC-HAGGARD97-001,"Registered evidence cannot establish whether infrastructure preceded growth, followed demand, or worked through bundled skills, policy, finance, ownership, and market-access conditions; export evidence remains source-specific and cannot be converted into a common composition series.","Revise 'connection' to the specific channel actually measured if matched time-series evidence shows only physical access, global-market access, or domestic supplier depth moving with capability. Reject as an important independent explanation if dated comparable evidence shows that productive network depth consistently followed rather than preceded upgrading, or that similarly connected cases diverged after capabilities, institutions, ownership, shocks, and market access were accounted for."
T1,Connected Development,Supported-with-exceptions,Malaysia,Asia,strongest_support,Qualified support,"Productive connections joined infrastructure, skills, institutions, firms, suppliers, and world markets; almost 90% of electronic products were produced by transnational affiliates by 1992, limiting the domestic-depth claim.",MYS-THEORY-CONN;MYS-TNC-1992,SRC-WB-GHA20-001;SRC-WB-MYS16-001;SRC-WDI-001,"Registered evidence cannot establish whether infrastructure preceded growth, followed demand, or worked through bundled skills, policy, finance, ownership, and market-access conditions; export evidence remains source-specific and cannot be converted into a common composition series.","Revise 'connection' to the specific channel actually measured if matched time-series evidence shows only physical access, global-market access, or domestic supplier depth moving with capability. Reject as an important independent explanation if dated comparable evidence shows that productive network depth consistently followed rather than preceded upgrading, or that similarly connected cases diverged after capabilities, institutions, ownership, shocks, and market access were accounted for."
T1,Connected Development,Supported-with-exceptions,Philippines,Asia,counterexample_to_sufficiency,Counterexample to sufficiency,"Global/export connection coexisted with limited industrial deepening; labour moved mainly from agriculture to services while electronics/BPO capability met imported-input and infrastructure constraints.",PHL-THEORY-CONN;PHL-EMP-FIND;PHL-FIND-PARTIAL,SRC-ADB-PHL07-001;SRC-NASUTION00-001;SRC-WDI-001;SRC-BSP-BPO11-001,"Registered evidence cannot establish whether infrastructure preceded growth, followed demand, or worked through bundled skills, policy, finance, ownership, and market-access conditions; export evidence remains source-specific and cannot be converted into a common composition series.","Revise 'connection' to the specific channel actually measured if matched time-series evidence shows only physical access, global-market access, or domestic supplier depth moving with capability. Reject as an important independent explanation if dated comparable evidence shows that productive network depth consistently followed rather than preceded upgrading, or that similarly connected cases diverged after capabilities, institutions, ownership, shocks, and market access were accounted for."
T2,Radius of Trust (institutional/organisational-substitutes form),Inconclusive,Ghana,Africa,unresolved,Unresolved,"No matched direct-trust measure is registered for Ghana; WGI is governance rather than trust, and labour reallocation does not identify a trust channel.",RES002-A09;RES002-A08;ECON001-A02,SRC-AFRO-BWA21-001;SRC-AFRO-MUS21-001;SRC-IPSOS-MYS20-001;SRC-WVS-PHL24-001;SRC-WGI26-001;SRC-WDI-001;SRC-WB-GHA20-001,"The only harmonised six-country panel is WGI governance, not trust; direct-trust observations differ by target, wording, sample/weighting, and year, and Ghana and South Korea have gaps. Within-region variation defeats an Africa-versus-Asia trust ladder.","Reject the strong generalized-trust version unless matched, weighted, historically timed evidence links trust to later delegation or scale while separating reverse causality and institutional substitutes. Revise or reject the substitutes version if comparable firm-level and institutional evidence shows that changes in courts, contracts, banks, ownership, hierarchy, or reputation neither precede nor explain wider cooperation and scale."
T2,Radius of Trust (institutional/organisational-substitutes form),Inconclusive,Botswana,Africa,mechanism_plausible,Mechanism plausible,"In 2019, 65% trusted courts somewhat or a lot while 49% reported impunity and 49% reported unequal treatment; targets vary. The snapshot cannot show institutional trust caused firm scale or long-run growth.",BWA-TRUST-2019;BWA-TRUST-QUAL;BWA-THEORY-TRUST,SRC-AFRO-BWA21-001;SRC-SB-LFS20-001,"The only harmonised six-country panel is WGI governance, not trust; direct-trust observations differ by target, wording, sample/weighting, and year, and Ghana and South Korea have gaps. Within-region variation defeats an Africa-versus-Asia trust ladder.","Reject the strong generalized-trust version unless matched, weighted, historically timed evidence links trust to later delegation or scale while separating reverse causality and institutional substitutes. Revise or reject the substitutes version if comparable firm-level and institutional evidence shows that changes in courts, contracts, banks, ownership, hierarchy, or reputation neither precede nor explain wider cooperation and scale."
T2,Radius of Trust (institutional/organisational-substitutes form),Inconclusive,Mauritius,Africa,strongest_support,Substitutes qualified,"Credible institutions extended cooperation beyond close ties while direct political trust was minority-level and informal microfirms persisted; does not show generalized trust caused scaling.",MUS-THEORY-ROT;MUS-TRUST-2020;MUS-INF-2013;MUS-THEORY-LIMIT,SRC-WGI26-001;SRC-IMF-MUS14-001;SRC-AFRO-MUS21-001;SRC-WB-MUS19-001;SRC-WB-MUS97-001,"The only harmonised six-country panel is WGI governance, not trust; direct-trust observations differ by target, wording, sample/weighting, and year, and Ghana and South Korea have gaps. Within-region variation defeats an Africa-versus-Asia trust ladder.","Reject the strong generalized-trust version unless matched, weighted, historically timed evidence links trust to later delegation or scale while separating reverse causality and institutional substitutes. Revise or reject the substitutes version if comparable firm-level and institutional evidence shows that changes in courts, contracts, banks, ownership, hierarchy, or reputation neither precede nor explain wider cooperation and scale."
T2,Radius of Trust (institutional/organisational-substitutes form),Inconclusive,South Korea,Asia,unresolved,Unresolved channel,"No matched direct-trust measure is registered; 2020 WGI cannot be treated as trust or back-cast to industrial take-off. Korea's industrial sequence does not identify the interpersonal, institutional, or organisational channel.",RES002-A09;RES002-A08;ECON001-A03,SRC-AFRO-BWA21-001;SRC-AFRO-MUS21-001;SRC-IPSOS-MYS20-001;SRC-WVS-PHL24-001;SRC-WGI26-001;SRC-WB-EAM93-001,"The only harmonised six-country panel is WGI governance, not trust; direct-trust observations differ by target, wording, sample/weighting, and year, and Ghana and South Korea have gaps. Within-region variation defeats an Africa-versus-Asia trust ladder.","Reject the strong generalized-trust version unless matched, weighted, historically timed evidence links trust to later delegation or scale while separating reverse causality and institutional substitutes. Revise or reject the substitutes version if comparable firm-level and institutional evidence shows that changes in courts, contracts, banks, ownership, hierarchy, or reputation neither precede nor explain wider cooperation and scale."
T2,Radius of Trust (institutional/organisational-substitutes form),Inconclusive,Malaysia,Asia,plausible_substitutes,Plausible substitutes,"Contemporary bank/business-leader confidence, governance, multinational/state-linked organisation, SMEs, and informality are distinct channels rather than one trust score; no historical causal test.",MYS-THEORY-ROT;MYS-TRUST-2020,SRC-WGI26-001;SRC-IPSOS-MYS20-001;SRC-DOSM-INF20-001;SRC-WB-MYS22-001,"The only harmonised six-country panel is WGI governance, not trust; direct-trust observations differ by target, wording, sample/weighting, and year, and Ghana and South Korea have gaps. Within-region variation defeats an Africa-versus-Asia trust ladder.","Reject the strong generalized-trust version unless matched, weighted, historically timed evidence links trust to later delegation or scale while separating reverse causality and institutional substitutes. Revise or reject the substitutes version if comparable firm-level and institutional evidence shows that changes in courts, contracts, banks, ownership, hierarchy, or reputation neither precede nor explain wider cooperation and scale."
T2,Radius of Trust (institutional/organisational-substitutes form),Inconclusive,Philippines,Asia,strongest_challenge,Counterexample to strong form,"Scaling occurred while large organisations and supply chains used possible institutional or organisational substitutes; the 2019 WVS result is an unweighted case share that cannot back-cast or identify the historical channel.",PHL-THEORY-ROT;PHL-TRUST-2019,SRC-WVS-PHL24-001;SRC-WGI26-001;SRC-WB-PHL80-001;SRC-PSA-ASPBI23-001,"The only harmonised six-country panel is WGI governance, not trust; direct-trust observations differ by target, wording, sample/weighting, and year, and Ghana and South Korea have gaps. Within-region variation defeats an Africa-versus-Asia trust ladder.","Reject the strong generalized-trust version unless matched, weighted, historically timed evidence links trust to later delegation or scale while separating reverse causality and institutional substitutes. Revise or reject the substitutes version if comparable firm-level and institutional evidence shows that changes in courts, contracts, banks, ownership, hierarchy, or reputation neither precede nor explain wider cooperation and scale."
T3,Continuity + Adaptation,Supported-with-exceptions,Ghana,Africa,unresolved,Unresolved direct test,"Manufacturing share rose, collapsed in the 1980s, and incompletely recovered; later labour reallocation did not produce Korea-like manufacturing deepening. No registered claim identifies the policy-duration, feedback, or correction sequence.",GHA-MANF-H02;ECON001-A02,SRC-WDI-001;SRC-WB-GHA20-001,"The cases do not isolate policy duration from prior success, institutional capacity, external support, rents, or market demand; continuity can describe both adaptive learning and protected failure. Hofstede long-term orientation cannot substitute for policy timelines, investment, learning, or correction.","Revise if durable direction predicts accumulation but not diversification, or if adaptation is carried mainly by firms and external networks rather than national policy. Reject as an important independent explanation if comparable policy timelines show that frequent reversals did not interrupt learning, or that stable, performance-disciplined direction repeatedly failed despite relevant capabilities and market access."
T3,Continuity + Adaptation,Supported-with-exceptions,Botswana,Africa,strongest_challenge,Accumulation warning,"Centralized mineral rights and invested/saved rents coexisted with narrow exports and weak manufacturing; direct duration, feedback, or correction test is unresolved without a registered policy timeline.",BWA-HIST-DIAM;BWA-THEORY-INST;BWA-THEORY-COUNTER,SRC-MAIPOSE08-001;SRC-HILLBOM14-001;SRC-WB-BWA23-001;SRC-WDI-001;SRC-IMF-BWA98-001;SRC-SB-TRADE21-001,"The cases do not isolate policy duration from prior success, institutional capacity, external support, rents, or market demand; continuity can describe both adaptive learning and protected failure. Hofstede long-term orientation cannot substitute for policy timelines, investment, learning, or correction.","Revise if durable direction predicts accumulation but not diversification, or if adaptation is carried mainly by firms and external networks rather than national policy. Reject as an important independent explanation if comparable policy timelines show that frequent reversals did not interrupt learning, or that stable, performance-disciplined direction repeatedly failed despite relevant capabilities and market access."
T3,Continuity + Adaptation,Supported-with-exceptions,Mauritius,Africa,strong_qualified_support,Strong qualified support,"Continuity through negotiated adaptation across sugar, EPZ manufacturing, tourism, and services; external rents, coalition management, and implementation capacity remain conditions.",MUS-THEORY-CONT;MUS-THEORY-LIMIT,SRC-IMF-MUS14-001;SRC-WB-MUS97-001;SRC-WB-MUS19-001;SRC-AFRO-MUS21-001,"The cases do not isolate policy duration from prior success, institutional capacity, external support, rents, or market demand; continuity can describe both adaptive learning and protected failure. Hofstede long-term orientation cannot substitute for policy timelines, investment, learning, or correction.","Revise if durable direction predicts accumulation but not diversification, or if adaptation is carried mainly by firms and external networks rather than national policy. Reject as an important independent explanation if comparable policy timelines show that frequent reversals did not interrupt learning, or that stable, performance-disciplined direction repeatedly failed despite relevant capabilities and market access."
T3,Continuity + Adaptation,Supported-with-exceptions,South Korea,Asia,strongest_support,Duration plus correction,"Duration plus discipline and correction inside a multi-causal sequence; exports-versus-investment remains a live disagreement rather than a settled causal story.",ECON001-A03;ECON001-A04,SRC-WB-EAM93-001;SRC-RODRIK95-001,"The cases do not isolate policy duration from prior success, institutional capacity, external support, rents, or market demand; continuity can describe both adaptive learning and protected failure. Hofstede long-term orientation cannot substitute for policy timelines, investment, learning, or correction.","Revise if durable direction predicts accumulation but not diversification, or if adaptation is carried mainly by firms and external networks rather than national policy. Reject as an important independent explanation if comparable policy timelines show that frequent reversals did not interrupt learning, or that stable, performance-disciplined direction repeatedly failed despite relevant capabilities and market access."
T3,Continuity + Adaptation,Supported-with-exceptions,Malaysia,Asia,moderate_qualified_support,Moderate qualified support,"Continuity with performance discipline; global demand, FDI, geography, and commodity revenues remain alternatives, and multinational dominance limits claims about domestic capability.",MYS-THEORY-CONT;MYS-THEORY-LIMIT;MYS-TNC-1992,SRC-WB-GHA20-001;SRC-WB-MYS16-001;SRC-WB-MYS24-001;SRC-WDI-001,"The cases do not isolate policy duration from prior success, institutional capacity, external support, rents, or market demand; continuity can describe both adaptive learning and protected failure. Hofstede long-term orientation cannot substitute for policy timelines, investment, learning, or correction.","Revise if durable direction predicts accumulation but not diversification, or if adaptation is carried mainly by firms and external networks rather than national policy. Reject as an important independent explanation if comparable policy timelines show that frequent reversals did not interrupt learning, or that stable, performance-disciplined direction repeatedly failed despite relevant capabilities and market access."
T3,Continuity + Adaptation,Supported-with-exceptions,Philippines,Asia,qualified_support_and_warning,Support with warning,"Continuity plus adaptation supports only when combined with feedback, macro stability, and capability building; debt, shocks, geography, firms, and protected import dependence prevent duration alone from carrying the explanation.",PHL-THEORY-CONT;PHL-HIST-ISI;PHL-HIST-CRISIS,SRC-HILL13-001;SRC-ADB-PHL07-001;SRC-WB-PHL87-001,"The cases do not isolate policy duration from prior success, institutional capacity, external support, rents, or market demand; continuity can describe both adaptive learning and protected failure. Hofstede long-term orientation cannot substitute for policy timelines, investment, learning, or correction.","Revise if durable direction predicts accumulation but not diversification, or if adaptation is carried mainly by firms and external networks rather than national policy. Reject as an important independent explanation if comparable policy timelines show that frequent reversals did not interrupt learning, or that stable, performance-disciplined direction repeatedly failed despite relevant capabilities and market access."
