indicator_code,indicator_name,comparability_status,definition,unit,price_ppp_basis,source_series,release_vintage,geographic_coverage,allowable_transformations,rounding,missing_value_notation,display_unit,known_breaks_and_required_notes
NY.GDP.PCAP.KD,GDP per capita,APPROVED,"Gross domestic product divided by midyear population","constant 2015 US dollars per person","Constant 2015 prices; market-exchange-rate basis; not PPP",World Development Indicators source 2,2026-07-13 release; retrieved 2026-10-06,National/territorial economy,"Ratios; percentage change; index with an explicitly named base year; log scale if labelled","Nearest whole dollar in labels; retain full precision for calculation",NA,"constant 2015 US$ per person","Malaysia 1960 needs a territorial-construction note; 2020 is a pandemic year; do not mix with current US dollars or PPP series"
SL.GDP.PCAP.EM.KD,GDP per person employed,APPROVED,"GDP divided by total employment","constant 2021 PPP international dollars per employed person","Constant 2021 PPP; not market-exchange-rate US dollars",World Development Indicators / ILO modelled estimates,2026-07-13 release; retrieved 2026-10-06,National economy and employed population,"Ratios; percentage change between approved observations; index with named base","Nearest whole international dollar in labels; retain full precision",NA,"constant 2021 PPP$ per employed person","No 1960 values; 1991 is the common +1 proxy for requested 1990; modelled inputs and pandemic endpoint; do not compare on GDP-per-capita dollar axis"
SL.AGR.EMPL.ZS,Employment in agriculture,APPROVED,"Employment in agriculture as a share of total employment under ILO sector definitions",percent of total employment,Not applicable,World Development Indicators / ILO modelled estimates,2026-07-13 release; retrieved 2026-10-06,National employed population,"Percentage-point difference; shares may be stacked with the other two approved sector series","For each country-actual-year three-sector composition: multiply full-precision source values by 10; floor each; allocate the remaining tenths needed to reach 1000 to the largest fractional remainders; break exact ties agriculture then industry then services; publish the separate display_value_1dp labels and retain value unchanged",NA,% of total employment,"No harmonised 1960 values; 1991 is proxy for requested 1990; modelled estimates; do not splice historical census/livelihood categories"
SL.IND.EMPL.ZS,Employment in industry,APPROVED,"Employment in industry (mining; manufacturing; construction; utilities) as a share of total employment",percent of total employment,Not applicable,World Development Indicators / ILO modelled estimates,2026-07-13 release; retrieved 2026-10-06,National employed population,"Percentage-point difference; shares may be stacked with the other two approved sector series","For each country-actual-year three-sector composition: multiply full-precision source values by 10; floor each; allocate the remaining tenths needed to reach 1000 to the largest fractional remainders; break exact ties agriculture then industry then services; publish the separate display_value_1dp labels and retain value unchanged",NA,% of total employment,"Industry is broader than manufacturing; no harmonised 1960 values; 1991 is proxy for requested 1990; pandemic endpoint"
SL.SRV.EMPL.ZS,Employment in services,APPROVED,"Employment in services as a share of total employment under ILO sector definitions",percent of total employment,Not applicable,World Development Indicators / ILO modelled estimates,2026-07-13 release; retrieved 2026-10-06,National employed population,"Percentage-point difference; shares may be stacked with the other two approved sector series","For each country-actual-year three-sector composition: multiply full-precision source values by 10; floor each; allocate the remaining tenths needed to reach 1000 to the largest fractional remainders; break exact ties agriculture then industry then services; publish the separate display_value_1dp labels and retain value unchanged",NA,% of total employment,"Services combine activities with different productivity; no harmonised 1960 values; 1991 is proxy for requested 1990; pandemic endpoint"
NV.IND.MANF.ZS,Manufacturing value added share,APPROVED_WITH_RESTRICTIONS,"Manufacturing value added divided by GDP",percent of GDP,"Current-price share; not a constant-price volume index",World Development Indicators source 2,2026-07-13 release; retrieved 2026-10-06,National/territorial economy,"Percentage-point difference; index only within the same approved series","One decimal percentage point",NA,% of GDP,"Ghana/Botswana use 1965 for requested 1960; Malaysia 1960 territorial note; Mauritius 1960 absent; Philippines 1960/1990 historical vintages excluded; current-price and pandemic composition effects"
SE.ADT.LITR.ZS,Adult literacy rate,APPROVED_WITH_RESTRICTIONS,"People aged 15+ who can read and write a short simple statement with understanding",percent of population aged 15+,Not applicable,UNESCO UIS distributed through World Development Indicators,2026-07-13 WDI release; retrieved 2026-10-06,National population aged 15+,"Percentage-point difference only among matched/caveated rows; no interpolation","One decimal percentage point",NA,% of adults 15+,"Partial panels only; source/method can differ by census or survey; literacy is not functional proficiency or learning quality"
KOR.WDR.ADULT.LIT.1960,Korea historical adult literacy,APPROVED_WITH_VISIBLE_CAVEAT,"Adults aged 15+ able to read and write; historical World Development Report table",percent of population aged 15+,Not applicable,World Development Report 1980 Table 23,1980 publication; original verified 2026-10-06,Republic of Korea adults 15+,"Display only; no interpolation or trend connection to distant observations","Whole percentage point",NA,% of adults 15+,"Table notes say labelled estimates may be up to two years from the label; use only as a visibly caveated 1960 observation"
MYS.DOSM.SDG04_6_1,Malaysia adult literacy 2020,APPROVED_WITH_VISIBLE_CAVEAT,"People aged 15+ meeting Malaysia SDG 4.6.1 literacy definition",percent of population aged 15+,Not applicable,OpenDOSM sdg_04-6-1,2024 dataset publication; country-file verification 2026-10-04,Malaysia population aged 15+,"Display and percentage-point comparison only with explicit national-source note","One decimal percentage point",NA,% of adults 15+,"National LFS-based source rather than WDI/UIS; do not imply identical survey method"
SP.URB.TOTL.IN.ZS,Urban population share,APPROVED,"Population living in areas classified as urban under national definitions harmonised/smoothed by the UN Population Division",percent of total population,Not applicable,World Development Indicators / UN Population Division,2026-07-13 release; retrieved 2026-10-06,National/territorial population,"Percentage-point difference; index with explicit base if useful","One decimal percentage point",NA,% of population,"National definitions/boundaries differ and can change; Malaysia 1960 territorial note; urban share is not density or infrastructure quality"
EG.ELC.ACCS.ZS,Access to electricity,APPROVED_WITH_RESTRICTIONS,"Population with access to electricity",percent of total population,Not applicable,World Development Indicators source 2,2026-07-13 release; retrieved 2026-10-06,National population,"Percentage-point difference among approved rows","One decimal percentage point; display 100 without decimal if space requires",NA,% of population,"No 1960 panel; 1990 panel uses actual years 1990/1991/1993 and omits Malaysia; access does not measure reliability; price; capacity; or industrial quality"
WGI.RL.EST.2026,Rule of Law governance estimate,APPROVED_WITH_VISIBLE_CAVEAT,"Perception-based composite of contract enforcement; property rights; police; courts; crime; and violence","standard-normal governance estimate; approximately -2.5 to +2.5",Not applicable,Worldwide Governance Indicators 2026 update workbook sheet rl,2026 update; retrieved 2026-10-06,National economy,"Cross-country difference at 2020; display estimate with 90% confidence interval","Two decimals for estimate and bounds; retain full precision",NA,WGI estimate,"2020 only for this project; show 90% intervals; release recalculates history; governance is not trust; never mix with 2025/API release"
WGI.GE.EST.2026,Government Effectiveness governance estimate,APPROVED_WITH_VISIBLE_CAVEAT,"Perception-based composite of public services; civil service; policy formulation/implementation; and government credibility","standard-normal governance estimate; approximately -2.5 to +2.5",Not applicable,Worldwide Governance Indicators 2026 update workbook sheet ge,2026 update; retrieved 2026-10-06,National economy,"Cross-country difference at 2020; display estimate with 90% confidence interval","Two decimals for estimate and bounds; retain full precision",NA,WGI estimate,"2020 only for this project; show 90% intervals; release recalculates history; governance is not trust; never mix with 2025/API release"
EXPORT.COMPOSITION.SOURCE_SPECIFIC,Merchandise export composition,NARRATIVE_ONLY,"Product/category share of a stated merchandise-export FOB denominator",percent of stated merchandise exports,Not applicable,"Country-specific historical; SITC; HS; PSCC; or principal-group sources",Multiple releases verified in country files,Reporter economy and source-specific trade coverage,"No cross-country arithmetic or connected time series until one classification and denominator are rebuilt","One decimal only within the source-specific narrative",NA,% of stated merchandise exports,"Classifications; aggregation levels; periods; re-exports; and service coverage differ; no frozen chart rows"
FIRM_INFORMALITY.SOURCE_SPECIFIC,Firm size / informality,NARRATIVE_ONLY,"Source-specific worker informality; informal-sector employment; self-employment; establishment informality; SME employment; or size-band outcome",Source-specific,Not applicable,Country-specific labour and establishment sources,Multiple releases verified in country files,Source-specific workers or establishments,"No conversion between constructs; no residual inference","As reported by source",NA,Source-specific,"Universes; age/sector coverage; size bands; registration/account criteria; and outcomes differ; no frozen chart rows"
TRUST.DIRECT.SOURCE_SPECIFIC,Direct trust measures,NARRATIVE_ONLY,"Survey response to a named generalized or institution-specific trust question",percent or unweighted case share,Not applicable,Afrobarometer / Ipsos / World Values Survey source-specific questions,2019-2020 fieldwork and later publications,Source-specific adult samples,"No cross-survey scale; no historical back-cast","Whole percentage point when source supports a weighted estimate",NA,Source-specific,"Questions; institutions; weights; samples; and constructs differ; WVS Philippines value is unweighted cases; no frozen chart rows"
