chart_input_id,country,country_code,requested_year,actual_year,proxy_distance_years,value,display_value_1dp,lower_90,upper_90,unit,indicator_code,source_id,source_locator,comparability_class,caveat,release_or_retrieval_date,verification_status
GHA-EG_ELC_ACCS_ZS-1990-1993,Ghana,GHA,1990,1993,3,30.6,,,,percent of total population,EG.ELC.ACCS.ZS,SRC-WDI-001,https://api.worldbank.org/v2/country/GHA/indicator/EG.ELC.ACCS.ZS?date=1993:1993&format=json,APPROVED_WITH_VISIBLE_CAVEAT,"Proxy is +3 years; print 1993. Access does not measure reliability, price, or industrial power quality.",WDI release 2026-07-13; retrieved 2026-10-06,VERIFIED_CAVEAT_REQUIRED
KOR-EG_ELC_ACCS_ZS-1990-1990,South Korea,KOR,1990,1990,0,99.8828430175781,,,,percent of total population,EG.ELC.ACCS.ZS,SRC-WDI-001,https://api.worldbank.org/v2/country/KOR/indicator/EG.ELC.ACCS.ZS?date=1990:1990&format=json,APPROVED_FOR_DIRECT_COMPARISON,"Access does not measure reliability, price, or industrial power quality.",WDI release 2026-07-13; retrieved 2026-10-06,VERIFIED_SAME_RELEASE
BWA-EG_ELC_ACCS_ZS-1990-1991,Botswana,BWA,1990,1991,1,10.1,,,,percent of total population,EG.ELC.ACCS.ZS,SRC-WDI-001,https://api.worldbank.org/v2/country/BWA/indicator/EG.ELC.ACCS.ZS?date=1991:1991&format=json,APPROVED_WITH_VISIBLE_CAVEAT,"Proxy is +1 years; print 1991. Access does not measure reliability, price, or industrial power quality.",WDI release 2026-07-13; retrieved 2026-10-06,VERIFIED_CAVEAT_REQUIRED
MUS-EG_ELC_ACCS_ZS-1990-1990,Mauritius,MUS,1990,1990,0,99.0415649414063,,,,percent of total population,EG.ELC.ACCS.ZS,SRC-WDI-001,https://api.worldbank.org/v2/country/MUS/indicator/EG.ELC.ACCS.ZS?date=1990:1990&format=json,APPROVED_FOR_DIRECT_COMPARISON,"Access does not measure reliability, price, or industrial power quality.",WDI release 2026-07-13; retrieved 2026-10-06,VERIFIED_SAME_RELEASE
PHL-EG_ELC_ACCS_ZS-1990-1993,Philippines,PHL,1990,1993,3,65.4,,,,percent of total population,EG.ELC.ACCS.ZS,SRC-WDI-001,https://api.worldbank.org/v2/country/PHL/indicator/EG.ELC.ACCS.ZS?date=1993:1993&format=json,APPROVED_WITH_VISIBLE_CAVEAT,"Proxy is +3 years; print 1993. Access does not measure reliability, price, or industrial power quality.",WDI release 2026-07-13; retrieved 2026-10-06,VERIFIED_CAVEAT_REQUIRED
GHA-EG_ELC_ACCS_ZS-2020-2020,Ghana,GHA,2020,2020,0,85.4,,,,percent of total population,EG.ELC.ACCS.ZS,SRC-WDI-001,https://api.worldbank.org/v2/country/GHA/indicator/EG.ELC.ACCS.ZS?date=2020:2020&format=json,APPROVED_FOR_DIRECT_COMPARISON,"Access does not measure reliability, price, capacity, or industrial power quality.",WDI release 2026-07-13; retrieved 2026-10-06,VERIFIED_SAME_RELEASE
KOR-EG_ELC_ACCS_ZS-2020-2020,South Korea,KOR,2020,2020,0,100,,,,percent of total population,EG.ELC.ACCS.ZS,SRC-WDI-001,https://api.worldbank.org/v2/country/KOR/indicator/EG.ELC.ACCS.ZS?date=2020:2020&format=json,APPROVED_FOR_DIRECT_COMPARISON,"Access does not measure reliability, price, capacity, or industrial power quality.",WDI release 2026-07-13; retrieved 2026-10-06,VERIFIED_SAME_RELEASE
BWA-EG_ELC_ACCS_ZS-2020-2020,Botswana,BWA,2020,2020,0,71.8,,,,percent of total population,EG.ELC.ACCS.ZS,SRC-WDI-001,https://api.worldbank.org/v2/country/BWA/indicator/EG.ELC.ACCS.ZS?date=2020:2020&format=json,APPROVED_FOR_DIRECT_COMPARISON,"Access does not measure reliability, price, capacity, or industrial power quality.",WDI release 2026-07-13; retrieved 2026-10-06,VERIFIED_SAME_RELEASE
MUS-EG_ELC_ACCS_ZS-2020-2020,Mauritius,MUS,2020,2020,0,99.5,,,,percent of total population,EG.ELC.ACCS.ZS,SRC-WDI-001,https://api.worldbank.org/v2/country/MUS/indicator/EG.ELC.ACCS.ZS?date=2020:2020&format=json,APPROVED_FOR_DIRECT_COMPARISON,"Access does not measure reliability, price, capacity, or industrial power quality.",WDI release 2026-07-13; retrieved 2026-10-06,VERIFIED_SAME_RELEASE
MYS-EG_ELC_ACCS_ZS-2020-2020,Malaysia,MYS,2020,2020,0,100,,,,percent of total population,EG.ELC.ACCS.ZS,SRC-WDI-001,https://api.worldbank.org/v2/country/MYS/indicator/EG.ELC.ACCS.ZS?date=2020:2020&format=json,APPROVED_FOR_DIRECT_COMPARISON,"Access does not measure reliability, price, capacity, or industrial power quality.",WDI release 2026-07-13; retrieved 2026-10-06,VERIFIED_SAME_RELEASE
PHL-EG_ELC_ACCS_ZS-2020-2020,Philippines,PHL,2020,2020,0,96.4,,,,percent of total population,EG.ELC.ACCS.ZS,SRC-WDI-001,https://api.worldbank.org/v2/country/PHL/indicator/EG.ELC.ACCS.ZS?date=2020:2020&format=json,APPROVED_FOR_DIRECT_COMPARISON,"Access does not measure reliability, price, capacity, or industrial power quality.",WDI release 2026-07-13; retrieved 2026-10-06,VERIFIED_SAME_RELEASE
KOR-KOR_WDR_ADULT_LIT_1960-1960-1960,South Korea,KOR,1960,1960,0,71,,,,percent of population aged 15+,KOR.WDR.ADULT.LIT.1960,SRC-WDR80-001,"World Development Report 1980, Table 23, Korea row printed p. 155 (PDF p. 165), adult-literacy 1960 column; definition/notes printed pp. 158 and 164 (PDF pp. 168 and 174)",APPROVED_WITH_VISIBLE_CAVEAT,Historical table notes labelled estimates may be up to two years from the label.,1980 publication; original verified 2026-10-06,VERIFIED_CAVEAT_REQUIRED
MYS-MYS_DOSM_SDG04_6_1-2020-2020,Malaysia,MYS,2020,2020,0,95.5,,,,percent of population aged 15+,MYS.DOSM.SDG04_6_1,SRC-DOSM-LIT24-001,OpenDOSM dataset sdg_04-6-1; filters Malaysia / both / age 15+ / 2020,APPROVED_WITH_VISIBLE_CAVEAT,National LFS-based source; definition aligns with adult literacy but survey/source differs from WDI/UIS.,DOSM dataset published 2024; verified 2026-10-04,VERIFIED_CAVEAT_REQUIRED
GHA-NV_IND_MANF_ZS-1960-1965,Ghana,GHA,1960,1965,5,9.75443383356071,,,,percent of GDP,NV.IND.MANF.ZS,SRC-WDI-001,https://api.worldbank.org/v2/country/GHA/indicator/NV.IND.MANF.ZS?date=1965:1965&format=json,APPROVED_WITH_VISIBLE_CAVEAT,"Five-year proxy; print 1965, not 1960.",WDI release 2026-07-13; retrieved 2026-10-06,VERIFIED_CAVEAT_REQUIRED
KOR-NV_IND_MANF_ZS-1960-1960,South Korea,KOR,1960,1960,0,11.4035087719298,,,,percent of GDP,NV.IND.MANF.ZS,SRC-WDI-001,https://api.worldbank.org/v2/country/KOR/indicator/NV.IND.MANF.ZS?date=1960:1960&format=json,APPROVED_FOR_DIRECT_COMPARISON,,WDI release 2026-07-13; retrieved 2026-10-06,VERIFIED_SAME_RELEASE
BWA-NV_IND_MANF_ZS-1960-1965,Botswana,BWA,1960,1965,5,11.5853658536585,,,,percent of GDP,NV.IND.MANF.ZS,SRC-WDI-001,https://api.worldbank.org/v2/country/BWA/indicator/NV.IND.MANF.ZS?date=1965:1965&format=json,APPROVED_WITH_VISIBLE_CAVEAT,"Five-year pre-independence proxy; print 1965, not 1960.",WDI release 2026-07-13; retrieved 2026-10-06,VERIFIED_CAVEAT_REQUIRED
MYS-NV_IND_MANF_ZS-1960-1960,Malaysia,MYS,1960,1960,0,10.2609802250256,,,,percent of GDP,NV.IND.MANF.ZS,SRC-WDI-001,https://api.worldbank.org/v2/country/MYS/indicator/NV.IND.MANF.ZS?date=1960:1960&format=json,APPROVED_WITH_VISIBLE_CAVEAT,Retrospective territorial series predates the 1963 formation of Malaysia.,WDI release 2026-07-13; retrieved 2026-10-06,VERIFIED_CAVEAT_REQUIRED
GHA-NV_IND_MANF_ZS-1990-1990,Ghana,GHA,1990,1990,0,9.76285290799468,,,,percent of GDP,NV.IND.MANF.ZS,SRC-WDI-001,https://api.worldbank.org/v2/country/GHA/indicator/NV.IND.MANF.ZS?date=1990:1990&format=json,APPROVED_FOR_DIRECT_COMPARISON,Current-price share; Philippines excluded because its 1990 value is another national-accounts vintage.,WDI release 2026-07-13; retrieved 2026-10-06,VERIFIED_SAME_RELEASE
KOR-NV_IND_MANF_ZS-1990-1990,South Korea,KOR,1990,1990,0,25.2385195677477,,,,percent of GDP,NV.IND.MANF.ZS,SRC-WDI-001,https://api.worldbank.org/v2/country/KOR/indicator/NV.IND.MANF.ZS?date=1990:1990&format=json,APPROVED_FOR_DIRECT_COMPARISON,Current-price share; Philippines excluded because its 1990 value is another national-accounts vintage.,WDI release 2026-07-13; retrieved 2026-10-06,VERIFIED_SAME_RELEASE
BWA-NV_IND_MANF_ZS-1990-1990,Botswana,BWA,1990,1990,0,4.77075017547342,,,,percent of GDP,NV.IND.MANF.ZS,SRC-WDI-001,https://api.worldbank.org/v2/country/BWA/indicator/NV.IND.MANF.ZS?date=1990:1990&format=json,APPROVED_FOR_DIRECT_COMPARISON,Current-price share; Philippines excluded because its 1990 value is another national-accounts vintage.,WDI release 2026-07-13; retrieved 2026-10-06,VERIFIED_SAME_RELEASE
MUS-NV_IND_MANF_ZS-1990-1990,Mauritius,MUS,1990,1990,0,20.3722570941437,,,,percent of GDP,NV.IND.MANF.ZS,SRC-WDI-001,https://api.worldbank.org/v2/country/MUS/indicator/NV.IND.MANF.ZS?date=1990:1990&format=json,APPROVED_FOR_DIRECT_COMPARISON,Current-price share; Philippines excluded because its 1990 value is another national-accounts vintage.,WDI release 2026-07-13; retrieved 2026-10-06,VERIFIED_SAME_RELEASE
MYS-NV_IND_MANF_ZS-1990-1990,Malaysia,MYS,1990,1990,0,24.2246873976537,,,,percent of GDP,NV.IND.MANF.ZS,SRC-WDI-001,https://api.worldbank.org/v2/country/MYS/indicator/NV.IND.MANF.ZS?date=1990:1990&format=json,APPROVED_FOR_DIRECT_COMPARISON,Current-price share; Philippines excluded because its 1990 value is another national-accounts vintage.,WDI release 2026-07-13; retrieved 2026-10-06,VERIFIED_SAME_RELEASE
GHA-NV_IND_MANF_ZS-2020-2020,Ghana,GHA,2020,2020,0,10.9530558483938,,,,percent of GDP,NV.IND.MANF.ZS,SRC-WDI-001,https://api.worldbank.org/v2/country/GHA/indicator/NV.IND.MANF.ZS?date=2020:2020&format=json,APPROVED_FOR_DIRECT_COMPARISON,Pandemic-year current-price composition effect.,WDI release 2026-07-13; retrieved 2026-10-06,VERIFIED_SAME_RELEASE
KOR-NV_IND_MANF_ZS-2020-2020,South Korea,KOR,2020,2020,0,25.7002433607737,,,,percent of GDP,NV.IND.MANF.ZS,SRC-WDI-001,https://api.worldbank.org/v2/country/KOR/indicator/NV.IND.MANF.ZS?date=2020:2020&format=json,APPROVED_FOR_DIRECT_COMPARISON,Pandemic-year current-price composition effect.,WDI release 2026-07-13; retrieved 2026-10-06,VERIFIED_SAME_RELEASE
BWA-NV_IND_MANF_ZS-2020-2020,Botswana,BWA,2020,2020,0,5.65905088338406,,,,percent of GDP,NV.IND.MANF.ZS,SRC-WDI-001,https://api.worldbank.org/v2/country/BWA/indicator/NV.IND.MANF.ZS?date=2020:2020&format=json,APPROVED_FOR_DIRECT_COMPARISON,Pandemic-year current-price composition effect.,WDI release 2026-07-13; retrieved 2026-10-06,VERIFIED_SAME_RELEASE
MUS-NV_IND_MANF_ZS-2020-2020,Mauritius,MUS,2020,2020,0,10.6686355036685,,,,percent of GDP,NV.IND.MANF.ZS,SRC-WDI-001,https://api.worldbank.org/v2/country/MUS/indicator/NV.IND.MANF.ZS?date=2020:2020&format=json,APPROVED_FOR_DIRECT_COMPARISON,Pandemic-year current-price composition effect.,WDI release 2026-07-13; retrieved 2026-10-06,VERIFIED_SAME_RELEASE
MYS-NV_IND_MANF_ZS-2020-2020,Malaysia,MYS,2020,2020,0,22.2320858423886,,,,percent of GDP,NV.IND.MANF.ZS,SRC-WDI-001,https://api.worldbank.org/v2/country/MYS/indicator/NV.IND.MANF.ZS?date=2020:2020&format=json,APPROVED_FOR_DIRECT_COMPARISON,Pandemic-year current-price composition effect.,WDI release 2026-07-13; retrieved 2026-10-06,VERIFIED_SAME_RELEASE
PHL-NV_IND_MANF_ZS-2020-2020,Philippines,PHL,2020,2020,0,17.6581790478661,,,,percent of GDP,NV.IND.MANF.ZS,SRC-WDI-001,https://api.worldbank.org/v2/country/PHL/indicator/NV.IND.MANF.ZS?date=2020:2020&format=json,APPROVED_FOR_DIRECT_COMPARISON,Pandemic-year current-price composition effect.,WDI release 2026-07-13; retrieved 2026-10-06,VERIFIED_SAME_RELEASE
GHA-NY_GDP_PCAP_KD-1960-1960,Ghana,GHA,1960,1960,0,1100.76305218242,,,,constant 2015 US dollars per person,NY.GDP.PCAP.KD,SRC-WDI-001,https://api.worldbank.org/v2/country/GHA/indicator/NY.GDP.PCAP.KD?date=1960:1960&format=json,APPROVED_FOR_DIRECT_COMPARISON,,WDI release 2026-07-13; retrieved 2026-10-06,VERIFIED_SAME_RELEASE
KOR-NY_GDP_PCAP_KD-1960-1960,South Korea,KOR,1960,1960,0,1037.72899231615,,,,constant 2015 US dollars per person,NY.GDP.PCAP.KD,SRC-WDI-001,https://api.worldbank.org/v2/country/KOR/indicator/NY.GDP.PCAP.KD?date=1960:1960&format=json,APPROVED_FOR_DIRECT_COMPARISON,,WDI release 2026-07-13; retrieved 2026-10-06,VERIFIED_SAME_RELEASE
BWA-NY_GDP_PCAP_KD-1960-1960,Botswana,BWA,1960,1960,0,393.861742487166,,,,constant 2015 US dollars per person,NY.GDP.PCAP.KD,SRC-WDI-001,https://api.worldbank.org/v2/country/BWA/indicator/NY.GDP.PCAP.KD?date=1960:1960&format=json,APPROVED_FOR_DIRECT_COMPARISON,,WDI release 2026-07-13; retrieved 2026-10-06,VERIFIED_SAME_RELEASE
MUS-NY_GDP_PCAP_KD-1960-1960,Mauritius,MUS,1960,1960,0,1419.4048237128,,,,constant 2015 US dollars per person,NY.GDP.PCAP.KD,SRC-WDI-001,https://api.worldbank.org/v2/country/MUS/indicator/NY.GDP.PCAP.KD?date=1960:1960&format=json,APPROVED_FOR_DIRECT_COMPARISON,,WDI release 2026-07-13; retrieved 2026-10-06,VERIFIED_SAME_RELEASE
MYS-NY_GDP_PCAP_KD-1960-1960,Malaysia,MYS,1960,1960,0,1266.31525712689,,,,constant 2015 US dollars per person,NY.GDP.PCAP.KD,SRC-WDI-001,https://api.worldbank.org/v2/country/MYS/indicator/NY.GDP.PCAP.KD?date=1960:1960&format=json,APPROVED_WITH_VISIBLE_CAVEAT,Retrospective territorial series predates the 1963 formation of Malaysia; print territorial note.,WDI release 2026-07-13; retrieved 2026-10-06,VERIFIED_CAVEAT_REQUIRED
PHL-NY_GDP_PCAP_KD-1960-1960,Philippines,PHL,1960,1960,0,1123.78209980486,,,,constant 2015 US dollars per person,NY.GDP.PCAP.KD,SRC-WDI-001,https://api.worldbank.org/v2/country/PHL/indicator/NY.GDP.PCAP.KD?date=1960:1960&format=json,APPROVED_FOR_DIRECT_COMPARISON,,WDI release 2026-07-13; retrieved 2026-10-06,VERIFIED_SAME_RELEASE
GHA-NY_GDP_PCAP_KD-1990-1990,Ghana,GHA,1990,1990,0,855.85250708181,,,,constant 2015 US dollars per person,NY.GDP.PCAP.KD,SRC-WDI-001,https://api.worldbank.org/v2/country/GHA/indicator/NY.GDP.PCAP.KD?date=1990:1990&format=json,APPROVED_FOR_DIRECT_COMPARISON,,WDI release 2026-07-13; retrieved 2026-10-06,VERIFIED_SAME_RELEASE
KOR-NY_GDP_PCAP_KD-1990-1990,South Korea,KOR,1990,1990,0,9672.57845182894,,,,constant 2015 US dollars per person,NY.GDP.PCAP.KD,SRC-WDI-001,https://api.worldbank.org/v2/country/KOR/indicator/NY.GDP.PCAP.KD?date=1990:1990&format=json,APPROVED_FOR_DIRECT_COMPARISON,,WDI release 2026-07-13; retrieved 2026-10-06,VERIFIED_SAME_RELEASE
BWA-NY_GDP_PCAP_KD-1990-1990,Botswana,BWA,1990,1990,0,4039.46544455099,,,,constant 2015 US dollars per person,NY.GDP.PCAP.KD,SRC-WDI-001,https://api.worldbank.org/v2/country/BWA/indicator/NY.GDP.PCAP.KD?date=1990:1990&format=json,APPROVED_FOR_DIRECT_COMPARISON,,WDI release 2026-07-13; retrieved 2026-10-06,VERIFIED_SAME_RELEASE
MUS-NY_GDP_PCAP_KD-1990-1990,Mauritius,MUS,1990,1990,0,3846.40593009531,,,,constant 2015 US dollars per person,NY.GDP.PCAP.KD,SRC-WDI-001,https://api.worldbank.org/v2/country/MUS/indicator/NY.GDP.PCAP.KD?date=1990:1990&format=json,APPROVED_FOR_DIRECT_COMPARISON,,WDI release 2026-07-13; retrieved 2026-10-06,VERIFIED_SAME_RELEASE
MYS-NY_GDP_PCAP_KD-1990-1990,Malaysia,MYS,1990,1990,0,4184.76072928976,,,,constant 2015 US dollars per person,NY.GDP.PCAP.KD,SRC-WDI-001,https://api.worldbank.org/v2/country/MYS/indicator/NY.GDP.PCAP.KD?date=1990:1990&format=json,APPROVED_FOR_DIRECT_COMPARISON,,WDI release 2026-07-13; retrieved 2026-10-06,VERIFIED_SAME_RELEASE
PHL-NY_GDP_PCAP_KD-1990-1990,Philippines,PHL,1990,1990,0,1704.07568899121,,,,constant 2015 US dollars per person,NY.GDP.PCAP.KD,SRC-WDI-001,https://api.worldbank.org/v2/country/PHL/indicator/NY.GDP.PCAP.KD?date=1990:1990&format=json,APPROVED_FOR_DIRECT_COMPARISON,,WDI release 2026-07-13; retrieved 2026-10-06,VERIFIED_SAME_RELEASE
GHA-NY_GDP_PCAP_KD-2020-2020,Ghana,GHA,2020,2020,0,1970.19411460398,,,,constant 2015 US dollars per person,NY.GDP.PCAP.KD,SRC-WDI-001,https://api.worldbank.org/v2/country/GHA/indicator/NY.GDP.PCAP.KD?date=2020:2020&format=json,APPROVED_FOR_DIRECT_COMPARISON,Pandemic-year endpoint.,WDI release 2026-07-13; retrieved 2026-10-06,VERIFIED_SAME_RELEASE
KOR-NY_GDP_PCAP_KD-2020-2020,South Korea,KOR,2020,2020,0,33215.9298928108,,,,constant 2015 US dollars per person,NY.GDP.PCAP.KD,SRC-WDI-001,https://api.worldbank.org/v2/country/KOR/indicator/NY.GDP.PCAP.KD?date=2020:2020&format=json,APPROVED_FOR_DIRECT_COMPARISON,Pandemic-year endpoint.,WDI release 2026-07-13; retrieved 2026-10-06,VERIFIED_SAME_RELEASE
BWA-NY_GDP_PCAP_KD-2020-2020,Botswana,BWA,2020,2020,0,6254.24806241091,,,,constant 2015 US dollars per person,NY.GDP.PCAP.KD,SRC-WDI-001,https://api.worldbank.org/v2/country/BWA/indicator/NY.GDP.PCAP.KD?date=2020:2020&format=json,APPROVED_FOR_DIRECT_COMPARISON,Pandemic-year endpoint.,WDI release 2026-07-13; retrieved 2026-10-06,VERIFIED_SAME_RELEASE
MUS-NY_GDP_PCAP_KD-2020-2020,Mauritius,MUS,2020,2020,0,9533.5982796049,,,,constant 2015 US dollars per person,NY.GDP.PCAP.KD,SRC-WDI-001,https://api.worldbank.org/v2/country/MUS/indicator/NY.GDP.PCAP.KD?date=2020:2020&format=json,APPROVED_FOR_DIRECT_COMPARISON,Pandemic-year endpoint.,WDI release 2026-07-13; retrieved 2026-10-06,VERIFIED_SAME_RELEASE
MYS-NY_GDP_PCAP_KD-2020-2020,Malaysia,MYS,2020,2020,0,10171.4657842762,,,,constant 2015 US dollars per person,NY.GDP.PCAP.KD,SRC-WDI-001,https://api.worldbank.org/v2/country/MYS/indicator/NY.GDP.PCAP.KD?date=2020:2020&format=json,APPROVED_FOR_DIRECT_COMPARISON,Pandemic-year endpoint.,WDI release 2026-07-13; retrieved 2026-10-06,VERIFIED_SAME_RELEASE
PHL-NY_GDP_PCAP_KD-2020-2020,Philippines,PHL,2020,2020,0,3198.66690008413,,,,constant 2015 US dollars per person,NY.GDP.PCAP.KD,SRC-WDI-001,https://api.worldbank.org/v2/country/PHL/indicator/NY.GDP.PCAP.KD?date=2020:2020&format=json,APPROVED_FOR_DIRECT_COMPARISON,Pandemic-year endpoint.,WDI release 2026-07-13; retrieved 2026-10-06,VERIFIED_SAME_RELEASE
BWA-SE_ADT_LITR_ZS-1990-1991,Botswana,BWA,1990,1991,1,68.5800018310547,,,,percent of population aged 15+,SE.ADT.LITR.ZS,SRC-WDI-001,https://api.worldbank.org/v2/country/BWA/indicator/SE.ADT.LITR.ZS?date=1991:1991&format=json,APPROVED_WITH_VISIBLE_CAVEAT,"One-year proxy; print 1991, not 1990.",WDI release 2026-07-13; retrieved 2026-10-06,VERIFIED_CAVEAT_REQUIRED
MUS-SE_ADT_LITR_ZS-1990-1990,Mauritius,MUS,1990,1990,0,79.870002746582,,,,percent of population aged 15+,SE.ADT.LITR.ZS,SRC-WDI-001,https://api.worldbank.org/v2/country/MUS/indicator/SE.ADT.LITR.ZS?date=1990:1990&format=json,APPROVED_FOR_DIRECT_COMPARISON,,WDI release 2026-07-13; retrieved 2026-10-06,VERIFIED_SAME_RELEASE
MYS-SE_ADT_LITR_ZS-1990-1991,Malaysia,MYS,1990,1991,1,82.9199981689453,,,,percent of population aged 15+,SE.ADT.LITR.ZS,SRC-WDI-001,https://api.worldbank.org/v2/country/MYS/indicator/SE.ADT.LITR.ZS?date=1991:1991&format=json,APPROVED_WITH_VISIBLE_CAVEAT,"One-year proxy; print 1991, not 1990.",WDI release 2026-07-13; retrieved 2026-10-06,VERIFIED_CAVEAT_REQUIRED
PHL-SE_ADT_LITR_ZS-1990-1990,Philippines,PHL,1990,1990,0,93.5699996948242,,,,percent of population aged 15+,SE.ADT.LITR.ZS,SRC-WDI-001,https://api.worldbank.org/v2/country/PHL/indicator/SE.ADT.LITR.ZS?date=1990:1990&format=json,APPROVED_FOR_DIRECT_COMPARISON,,WDI release 2026-07-13; retrieved 2026-10-06,VERIFIED_SAME_RELEASE
GHA-SE_ADT_LITR_ZS-2020-2021,Ghana,GHA,2020,2021,1,76.4899978637695,,,,percent of population aged 15+,SE.ADT.LITR.ZS,SRC-WDI-001,https://api.worldbank.org/v2/country/GHA/indicator/SE.ADT.LITR.ZS?date=2021:2021&format=json,APPROVED_WITH_VISIBLE_CAVEAT,"One-year proxy; print 2021, not 2020.",WDI release 2026-07-13; retrieved 2026-10-06,VERIFIED_CAVEAT_REQUIRED
MUS-SE_ADT_LITR_ZS-2020-2021,Mauritius,MUS,2020,2021,1,92.9800213334339,,,,percent of population aged 15+,SE.ADT.LITR.ZS,SRC-WDI-001,https://api.worldbank.org/v2/country/MUS/indicator/SE.ADT.LITR.ZS?date=2021:2021&format=json,APPROVED_WITH_VISIBLE_CAVEAT,"One-year proxy; print 2021, not 2020.",WDI release 2026-07-13; retrieved 2026-10-06,VERIFIED_CAVEAT_REQUIRED
PHL-SE_ADT_LITR_ZS-2020-2020,Philippines,PHL,2020,2020,0,98.4700012207031,,,,percent of population aged 15+,SE.ADT.LITR.ZS,SRC-WDI-001,https://api.worldbank.org/v2/country/PHL/indicator/SE.ADT.LITR.ZS?date=2020:2020&format=json,APPROVED_FOR_DIRECT_COMPARISON,,WDI release 2026-07-13; retrieved 2026-10-06,VERIFIED_SAME_RELEASE
GHA-SL_AGR_EMPL_ZS-1990-1991,Ghana,GHA,1990,1991,1,71.7798539769875,71.8,,,percent of total employment,SL.AGR.EMPL.ZS,SRC-WDI-001,https://api.worldbank.org/v2/country/GHA/indicator/SL.AGR.EMPL.ZS?date=1991:1991&format=json,APPROVED_WITH_VISIBLE_CAVEAT,Common +1-year proxy; label 1991. ILO modelled agriculture share.,WDI release 2026-07-13; retrieved 2026-10-06,VERIFIED_CAVEAT_REQUIRED
KOR-SL_AGR_EMPL_ZS-1990-1991,South Korea,KOR,1990,1991,1,15.4803368403517,15.5,,,percent of total employment,SL.AGR.EMPL.ZS,SRC-WDI-001,https://api.worldbank.org/v2/country/KOR/indicator/SL.AGR.EMPL.ZS?date=1991:1991&format=json,APPROVED_WITH_VISIBLE_CAVEAT,Common +1-year proxy; label 1991. ILO modelled agriculture share.,WDI release 2026-07-13; retrieved 2026-10-06,VERIFIED_CAVEAT_REQUIRED
BWA-SL_AGR_EMPL_ZS-1990-1991,Botswana,BWA,1990,1991,1,12.5783465060846,12.6,,,percent of total employment,SL.AGR.EMPL.ZS,SRC-WDI-001,https://api.worldbank.org/v2/country/BWA/indicator/SL.AGR.EMPL.ZS?date=1991:1991&format=json,APPROVED_WITH_VISIBLE_CAVEAT,Common +1-year proxy; label 1991. ILO modelled agriculture share.,WDI release 2026-07-13; retrieved 2026-10-06,VERIFIED_CAVEAT_REQUIRED
MUS-SL_AGR_EMPL_ZS-1990-1991,Mauritius,MUS,1990,1991,1,19.6470688126191,19.6,,,percent of total employment,SL.AGR.EMPL.ZS,SRC-WDI-001,https://api.worldbank.org/v2/country/MUS/indicator/SL.AGR.EMPL.ZS?date=1991:1991&format=json,APPROVED_WITH_VISIBLE_CAVEAT,Common +1-year proxy; label 1991. ILO modelled agriculture share.,WDI release 2026-07-13; retrieved 2026-10-06,VERIFIED_CAVEAT_REQUIRED
MYS-SL_AGR_EMPL_ZS-1990-1991,Malaysia,MYS,1990,1991,1,18.9054959419233,18.9,,,percent of total employment,SL.AGR.EMPL.ZS,SRC-WDI-001,https://api.worldbank.org/v2/country/MYS/indicator/SL.AGR.EMPL.ZS?date=1991:1991&format=json,APPROVED_WITH_VISIBLE_CAVEAT,Common +1-year proxy; label 1991. ILO modelled agriculture share.,WDI release 2026-07-13; retrieved 2026-10-06,VERIFIED_CAVEAT_REQUIRED
PHL-SL_AGR_EMPL_ZS-1990-1991,Philippines,PHL,1990,1991,1,44.0794150779753,44.1,,,percent of total employment,SL.AGR.EMPL.ZS,SRC-WDI-001,https://api.worldbank.org/v2/country/PHL/indicator/SL.AGR.EMPL.ZS?date=1991:1991&format=json,APPROVED_WITH_VISIBLE_CAVEAT,Common +1-year proxy; label 1991. ILO modelled agriculture share.,WDI release 2026-07-13; retrieved 2026-10-06,VERIFIED_CAVEAT_REQUIRED
GHA-SL_AGR_EMPL_ZS-2020-2020,Ghana,GHA,2020,2020,0,37.4159627643187,37.4,,,percent of total employment,SL.AGR.EMPL.ZS,SRC-WDI-001,https://api.worldbank.org/v2/country/GHA/indicator/SL.AGR.EMPL.ZS?date=2020:2020&format=json,APPROVED_FOR_DIRECT_COMPARISON,Pandemic-year endpoint; ILO modelled agriculture share.,WDI release 2026-07-13; retrieved 2026-10-06,VERIFIED_SAME_RELEASE
KOR-SL_AGR_EMPL_ZS-2020-2020,South Korea,KOR,2020,2020,0,5.37120678440121,5.4,,,percent of total employment,SL.AGR.EMPL.ZS,SRC-WDI-001,https://api.worldbank.org/v2/country/KOR/indicator/SL.AGR.EMPL.ZS?date=2020:2020&format=json,APPROVED_FOR_DIRECT_COMPARISON,Pandemic-year endpoint; ILO modelled agriculture share.,WDI release 2026-07-13; retrieved 2026-10-06,VERIFIED_SAME_RELEASE
BWA-SL_AGR_EMPL_ZS-2020-2020,Botswana,BWA,2020,2020,0,19.4434039808138,19.5,,,percent of total employment,SL.AGR.EMPL.ZS,SRC-WDI-001,https://api.worldbank.org/v2/country/BWA/indicator/SL.AGR.EMPL.ZS?date=2020:2020&format=json,APPROVED_FOR_DIRECT_COMPARISON,Pandemic-year endpoint; ILO modelled agriculture share.,WDI release 2026-07-13; retrieved 2026-10-06,VERIFIED_SAME_RELEASE
MUS-SL_AGR_EMPL_ZS-2020-2020,Mauritius,MUS,2020,2020,0,5.31785814286734,5.3,,,percent of total employment,SL.AGR.EMPL.ZS,SRC-WDI-001,https://api.worldbank.org/v2/country/MUS/indicator/SL.AGR.EMPL.ZS?date=2020:2020&format=json,APPROVED_FOR_DIRECT_COMPARISON,Pandemic-year endpoint; ILO modelled agriculture share.,WDI release 2026-07-13; retrieved 2026-10-06,VERIFIED_SAME_RELEASE
MYS-SL_AGR_EMPL_ZS-2020-2020,Malaysia,MYS,2020,2020,0,10.470225235867,10.5,,,percent of total employment,SL.AGR.EMPL.ZS,SRC-WDI-001,https://api.worldbank.org/v2/country/MYS/indicator/SL.AGR.EMPL.ZS?date=2020:2020&format=json,APPROVED_FOR_DIRECT_COMPARISON,Pandemic-year endpoint; ILO modelled agriculture share.,WDI release 2026-07-13; retrieved 2026-10-06,VERIFIED_SAME_RELEASE
PHL-SL_AGR_EMPL_ZS-2020-2020,Philippines,PHL,2020,2020,0,24.5081370532987,24.5,,,percent of total employment,SL.AGR.EMPL.ZS,SRC-WDI-001,https://api.worldbank.org/v2/country/PHL/indicator/SL.AGR.EMPL.ZS?date=2020:2020&format=json,APPROVED_FOR_DIRECT_COMPARISON,Pandemic-year endpoint; ILO modelled agriculture share.,WDI release 2026-07-13; retrieved 2026-10-06,VERIFIED_SAME_RELEASE
GHA-SL_GDP_PCAP_EM_KD-1990-1991,Ghana,GHA,1990,1991,1,7399.52922177477,,,,constant 2021 PPP international dollars per employed person,SL.GDP.PCAP.EM.KD,SRC-WDI-001,https://api.worldbank.org/v2/country/GHA/indicator/SL.GDP.PCAP.EM.KD?date=1991:1991&format=json,APPROVED_WITH_VISIBLE_CAVEAT,"Common +1-year proxy; label 1991, not 1990. Modelled employment denominator.",WDI release 2026-07-13; retrieved 2026-10-06,VERIFIED_CAVEAT_REQUIRED
KOR-SL_GDP_PCAP_EM_KD-1990-1991,South Korea,KOR,1990,1991,1,35977.9382182175,,,,constant 2021 PPP international dollars per employed person,SL.GDP.PCAP.EM.KD,SRC-WDI-001,https://api.worldbank.org/v2/country/KOR/indicator/SL.GDP.PCAP.EM.KD?date=1991:1991&format=json,APPROVED_WITH_VISIBLE_CAVEAT,"Common +1-year proxy; label 1991, not 1990. Modelled employment denominator.",WDI release 2026-07-13; retrieved 2026-10-06,VERIFIED_CAVEAT_REQUIRED
BWA-SL_GDP_PCAP_EM_KD-1990-1991,Botswana,BWA,1990,1991,1,37038.6903090841,,,,constant 2021 PPP international dollars per employed person,SL.GDP.PCAP.EM.KD,SRC-WDI-001,https://api.worldbank.org/v2/country/BWA/indicator/SL.GDP.PCAP.EM.KD?date=1991:1991&format=json,APPROVED_WITH_VISIBLE_CAVEAT,"Common +1-year proxy; label 1991, not 1990. Modelled employment denominator.",WDI release 2026-07-13; retrieved 2026-10-06,VERIFIED_CAVEAT_REQUIRED
MUS-SL_GDP_PCAP_EM_KD-1990-1991,Mauritius,MUS,1990,1991,1,24152.3588573427,,,,constant 2021 PPP international dollars per employed person,SL.GDP.PCAP.EM.KD,SRC-WDI-001,https://api.worldbank.org/v2/country/MUS/indicator/SL.GDP.PCAP.EM.KD?date=1991:1991&format=json,APPROVED_WITH_VISIBLE_CAVEAT,"Common +1-year proxy; label 1991, not 1990. Modelled employment denominator.",WDI release 2026-07-13; retrieved 2026-10-06,VERIFIED_CAVEAT_REQUIRED
MYS-SL_GDP_PCAP_EM_KD-1990-1991,Malaysia,MYS,1990,1991,1,37393.86825214,,,,constant 2021 PPP international dollars per employed person,SL.GDP.PCAP.EM.KD,SRC-WDI-001,https://api.worldbank.org/v2/country/MYS/indicator/SL.GDP.PCAP.EM.KD?date=1991:1991&format=json,APPROVED_WITH_VISIBLE_CAVEAT,"Common +1-year proxy; label 1991, not 1990. Modelled employment denominator.",WDI release 2026-07-13; retrieved 2026-10-06,VERIFIED_CAVEAT_REQUIRED
PHL-SL_GDP_PCAP_EM_KD-1990-1991,Philippines,PHL,1990,1991,1,12711.8096269305,,,,constant 2021 PPP international dollars per employed person,SL.GDP.PCAP.EM.KD,SRC-WDI-001,https://api.worldbank.org/v2/country/PHL/indicator/SL.GDP.PCAP.EM.KD?date=1991:1991&format=json,APPROVED_WITH_VISIBLE_CAVEAT,"Common +1-year proxy; label 1991, not 1990. Modelled employment denominator.",WDI release 2026-07-13; retrieved 2026-10-06,VERIFIED_CAVEAT_REQUIRED
GHA-SL_GDP_PCAP_EM_KD-2020-2020,Ghana,GHA,2020,2020,0,17123.6101345562,,,,constant 2021 PPP international dollars per employed person,SL.GDP.PCAP.EM.KD,SRC-WDI-001,https://api.worldbank.org/v2/country/GHA/indicator/SL.GDP.PCAP.EM.KD?date=2020:2020&format=json,APPROVED_FOR_DIRECT_COMPARISON,Pandemic-year endpoint; modelled employment denominator.,WDI release 2026-07-13; retrieved 2026-10-06,VERIFIED_SAME_RELEASE
KOR-SL_GDP_PCAP_EM_KD-2020-2020,South Korea,KOR,2020,2020,0,93905.8652726407,,,,constant 2021 PPP international dollars per employed person,SL.GDP.PCAP.EM.KD,SRC-WDI-001,https://api.worldbank.org/v2/country/KOR/indicator/SL.GDP.PCAP.EM.KD?date=2020:2020&format=json,APPROVED_FOR_DIRECT_COMPARISON,Pandemic-year endpoint; modelled employment denominator.,WDI release 2026-07-13; retrieved 2026-10-06,VERIFIED_SAME_RELEASE
BWA-SL_GDP_PCAP_EM_KD-2020-2020,Botswana,BWA,2020,2020,0,50122.8696928949,,,,constant 2021 PPP international dollars per employed person,SL.GDP.PCAP.EM.KD,SRC-WDI-001,https://api.worldbank.org/v2/country/BWA/indicator/SL.GDP.PCAP.EM.KD?date=2020:2020&format=json,APPROVED_FOR_DIRECT_COMPARISON,Pandemic-year endpoint; modelled employment denominator.,WDI release 2026-07-13; retrieved 2026-10-06,VERIFIED_SAME_RELEASE
MUS-SL_GDP_PCAP_EM_KD-2020-2020,Mauritius,MUS,2020,2020,0,52304.8720275377,,,,constant 2021 PPP international dollars per employed person,SL.GDP.PCAP.EM.KD,SRC-WDI-001,https://api.worldbank.org/v2/country/MUS/indicator/SL.GDP.PCAP.EM.KD?date=2020:2020&format=json,APPROVED_FOR_DIRECT_COMPARISON,Pandemic-year endpoint; modelled employment denominator.,WDI release 2026-07-13; retrieved 2026-10-06,VERIFIED_SAME_RELEASE
MYS-SL_GDP_PCAP_EM_KD-2020-2020,Malaysia,MYS,2020,2020,0,61442.1481504419,,,,constant 2021 PPP international dollars per employed person,SL.GDP.PCAP.EM.KD,SRC-WDI-001,https://api.worldbank.org/v2/country/MYS/indicator/SL.GDP.PCAP.EM.KD?date=2020:2020&format=json,APPROVED_FOR_DIRECT_COMPARISON,Pandemic-year endpoint; modelled employment denominator.,WDI release 2026-07-13; retrieved 2026-10-06,VERIFIED_SAME_RELEASE
PHL-SL_GDP_PCAP_EM_KD-2020-2020,Philippines,PHL,2020,2020,0,22857.1677303125,,,,constant 2021 PPP international dollars per employed person,SL.GDP.PCAP.EM.KD,SRC-WDI-001,https://api.worldbank.org/v2/country/PHL/indicator/SL.GDP.PCAP.EM.KD?date=2020:2020&format=json,APPROVED_FOR_DIRECT_COMPARISON,Pandemic-year endpoint; modelled employment denominator.,WDI release 2026-07-13; retrieved 2026-10-06,VERIFIED_SAME_RELEASE
GHA-SL_IND_EMPL_ZS-1990-1991,Ghana,GHA,1990,1991,1,8.97060315413509,9.0,,,percent of total employment,SL.IND.EMPL.ZS,SRC-WDI-001,https://api.worldbank.org/v2/country/GHA/indicator/SL.IND.EMPL.ZS?date=1991:1991&format=json,APPROVED_WITH_VISIBLE_CAVEAT,Common +1-year proxy; label 1991. ILO modelled industry share.,WDI release 2026-07-13; retrieved 2026-10-06,VERIFIED_CAVEAT_REQUIRED
KOR-SL_IND_EMPL_ZS-1990-1991,South Korea,KOR,1990,1991,1,37.1597644608214,37.1,,,percent of total employment,SL.IND.EMPL.ZS,SRC-WDI-001,https://api.worldbank.org/v2/country/KOR/indicator/SL.IND.EMPL.ZS?date=1991:1991&format=json,APPROVED_WITH_VISIBLE_CAVEAT,Common +1-year proxy; label 1991. ILO modelled industry share.,WDI release 2026-07-13; retrieved 2026-10-06,VERIFIED_CAVEAT_REQUIRED
BWA-SL_IND_EMPL_ZS-1990-1991,Botswana,BWA,1990,1991,1,21.2711077656505,21.3,,,percent of total employment,SL.IND.EMPL.ZS,SRC-WDI-001,https://api.worldbank.org/v2/country/BWA/indicator/SL.IND.EMPL.ZS?date=1991:1991&format=json,APPROVED_WITH_VISIBLE_CAVEAT,Common +1-year proxy; label 1991. ILO modelled industry share.,WDI release 2026-07-13; retrieved 2026-10-06,VERIFIED_CAVEAT_REQUIRED
MUS-SL_IND_EMPL_ZS-1990-1991,Mauritius,MUS,1990,1991,1,34.9940564916319,35.0,,,percent of total employment,SL.IND.EMPL.ZS,SRC-WDI-001,https://api.worldbank.org/v2/country/MUS/indicator/SL.IND.EMPL.ZS?date=1991:1991&format=json,APPROVED_WITH_VISIBLE_CAVEAT,Common +1-year proxy; label 1991. ILO modelled industry share.,WDI release 2026-07-13; retrieved 2026-10-06,VERIFIED_CAVEAT_REQUIRED
MYS-SL_IND_EMPL_ZS-1990-1991,Malaysia,MYS,1990,1991,1,32.8123692989236,32.8,,,percent of total employment,SL.IND.EMPL.ZS,SRC-WDI-001,https://api.worldbank.org/v2/country/MYS/indicator/SL.IND.EMPL.ZS?date=1991:1991&format=json,APPROVED_WITH_VISIBLE_CAVEAT,Common +1-year proxy; label 1991. ILO modelled industry share.,WDI release 2026-07-13; retrieved 2026-10-06,VERIFIED_CAVEAT_REQUIRED
PHL-SL_IND_EMPL_ZS-1990-1991,Philippines,PHL,1990,1991,1,16.611696934329,16.6,,,percent of total employment,SL.IND.EMPL.ZS,SRC-WDI-001,https://api.worldbank.org/v2/country/PHL/indicator/SL.IND.EMPL.ZS?date=1991:1991&format=json,APPROVED_WITH_VISIBLE_CAVEAT,Common +1-year proxy; label 1991. ILO modelled industry share.,WDI release 2026-07-13; retrieved 2026-10-06,VERIFIED_CAVEAT_REQUIRED
GHA-SL_IND_EMPL_ZS-2020-2020,Ghana,GHA,2020,2020,0,15.2083269307954,15.2,,,percent of total employment,SL.IND.EMPL.ZS,SRC-WDI-001,https://api.worldbank.org/v2/country/GHA/indicator/SL.IND.EMPL.ZS?date=2020:2020&format=json,APPROVED_FOR_DIRECT_COMPARISON,Pandemic-year endpoint; ILO modelled industry share.,WDI release 2026-07-13; retrieved 2026-10-06,VERIFIED_SAME_RELEASE
KOR-SL_IND_EMPL_ZS-2020-2020,South Korea,KOR,2020,2020,0,24.6462264496937,24.6,,,percent of total employment,SL.IND.EMPL.ZS,SRC-WDI-001,https://api.worldbank.org/v2/country/KOR/indicator/SL.IND.EMPL.ZS?date=2020:2020&format=json,APPROVED_FOR_DIRECT_COMPARISON,Pandemic-year endpoint; ILO modelled industry share.,WDI release 2026-07-13; retrieved 2026-10-06,VERIFIED_SAME_RELEASE
BWA-SL_IND_EMPL_ZS-2020-2020,Botswana,BWA,2020,2020,0,15.0395116063718,15.0,,,percent of total employment,SL.IND.EMPL.ZS,SRC-WDI-001,https://api.worldbank.org/v2/country/BWA/indicator/SL.IND.EMPL.ZS?date=2020:2020&format=json,APPROVED_FOR_DIRECT_COMPARISON,Pandemic-year endpoint; ILO modelled industry share.,WDI release 2026-07-13; retrieved 2026-10-06,VERIFIED_SAME_RELEASE
MUS-SL_IND_EMPL_ZS-2020-2020,Mauritius,MUS,2020,2020,0,23.4043954957972,23.4,,,percent of total employment,SL.IND.EMPL.ZS,SRC-WDI-001,https://api.worldbank.org/v2/country/MUS/indicator/SL.IND.EMPL.ZS?date=2020:2020&format=json,APPROVED_FOR_DIRECT_COMPARISON,Pandemic-year endpoint; ILO modelled industry share.,WDI release 2026-07-13; retrieved 2026-10-06,VERIFIED_SAME_RELEASE
MYS-SL_IND_EMPL_ZS-2020-2020,Malaysia,MYS,2020,2020,0,26.1668675751684,26.2,,,percent of total employment,SL.IND.EMPL.ZS,SRC-WDI-001,https://api.worldbank.org/v2/country/MYS/indicator/SL.IND.EMPL.ZS?date=2020:2020&format=json,APPROVED_FOR_DIRECT_COMPARISON,Pandemic-year endpoint; ILO modelled industry share.,WDI release 2026-07-13; retrieved 2026-10-06,VERIFIED_SAME_RELEASE
PHL-SL_IND_EMPL_ZS-2020-2020,Philippines,PHL,2020,2020,0,18.7126188899983,18.7,,,percent of total employment,SL.IND.EMPL.ZS,SRC-WDI-001,https://api.worldbank.org/v2/country/PHL/indicator/SL.IND.EMPL.ZS?date=2020:2020&format=json,APPROVED_FOR_DIRECT_COMPARISON,Pandemic-year endpoint; ILO modelled industry share.,WDI release 2026-07-13; retrieved 2026-10-06,VERIFIED_SAME_RELEASE
GHA-SL_SRV_EMPL_ZS-1990-1991,Ghana,GHA,1990,1991,1,19.2495592579111,19.2,,,percent of total employment,SL.SRV.EMPL.ZS,SRC-WDI-001,https://api.worldbank.org/v2/country/GHA/indicator/SL.SRV.EMPL.ZS?date=1991:1991&format=json,APPROVED_WITH_VISIBLE_CAVEAT,Common +1-year proxy; label 1991. ILO modelled services share.,WDI release 2026-07-13; retrieved 2026-10-06,VERIFIED_CAVEAT_REQUIRED
KOR-SL_SRV_EMPL_ZS-1990-1991,South Korea,KOR,1990,1991,1,47.359888440688,47.4,,,percent of total employment,SL.SRV.EMPL.ZS,SRC-WDI-001,https://api.worldbank.org/v2/country/KOR/indicator/SL.SRV.EMPL.ZS?date=1991:1991&format=json,APPROVED_WITH_VISIBLE_CAVEAT,Common +1-year proxy; label 1991. ILO modelled services share.,WDI release 2026-07-13; retrieved 2026-10-06,VERIFIED_CAVEAT_REQUIRED
BWA-SL_SRV_EMPL_ZS-1990-1991,Botswana,BWA,1990,1991,1,66.150545728265,66.1,,,percent of total employment,SL.SRV.EMPL.ZS,SRC-WDI-001,https://api.worldbank.org/v2/country/BWA/indicator/SL.SRV.EMPL.ZS?date=1991:1991&format=json,APPROVED_WITH_VISIBLE_CAVEAT,Common +1-year proxy; label 1991. ILO modelled services share.,WDI release 2026-07-13; retrieved 2026-10-06,VERIFIED_CAVEAT_REQUIRED
MUS-SL_SRV_EMPL_ZS-1990-1991,Mauritius,MUS,1990,1991,1,45.3586388422423,45.4,,,percent of total employment,SL.SRV.EMPL.ZS,SRC-WDI-001,https://api.worldbank.org/v2/country/MUS/indicator/SL.SRV.EMPL.ZS?date=1991:1991&format=json,APPROVED_WITH_VISIBLE_CAVEAT,Common +1-year proxy; label 1991. ILO modelled services share.,WDI release 2026-07-13; retrieved 2026-10-06,VERIFIED_CAVEAT_REQUIRED
MYS-SL_SRV_EMPL_ZS-1990-1991,Malaysia,MYS,1990,1991,1,48.2821347591531,48.3,,,percent of total employment,SL.SRV.EMPL.ZS,SRC-WDI-001,https://api.worldbank.org/v2/country/MYS/indicator/SL.SRV.EMPL.ZS?date=1991:1991&format=json,APPROVED_WITH_VISIBLE_CAVEAT,Common +1-year proxy; label 1991. ILO modelled services share.,WDI release 2026-07-13; retrieved 2026-10-06,VERIFIED_CAVEAT_REQUIRED
PHL-SL_SRV_EMPL_ZS-1990-1991,Philippines,PHL,1990,1991,1,39.3088924971693,39.3,,,percent of total employment,SL.SRV.EMPL.ZS,SRC-WDI-001,https://api.worldbank.org/v2/country/PHL/indicator/SL.SRV.EMPL.ZS?date=1991:1991&format=json,APPROVED_WITH_VISIBLE_CAVEAT,Common +1-year proxy; label 1991. ILO modelled services share.,WDI release 2026-07-13; retrieved 2026-10-06,VERIFIED_CAVEAT_REQUIRED
GHA-SL_SRV_EMPL_ZS-2020-2020,Ghana,GHA,2020,2020,0,47.3757103048859,47.4,,,percent of total employment,SL.SRV.EMPL.ZS,SRC-WDI-001,https://api.worldbank.org/v2/country/GHA/indicator/SL.SRV.EMPL.ZS?date=2020:2020&format=json,APPROVED_FOR_DIRECT_COMPARISON,Pandemic-year endpoint; ILO modelled services share.,WDI release 2026-07-13; retrieved 2026-10-06,VERIFIED_SAME_RELEASE
KOR-SL_SRV_EMPL_ZS-2020-2020,South Korea,KOR,2020,2020,0,69.9825667659051,70.0,,,percent of total employment,SL.SRV.EMPL.ZS,SRC-WDI-001,https://api.worldbank.org/v2/country/KOR/indicator/SL.SRV.EMPL.ZS?date=2020:2020&format=json,APPROVED_FOR_DIRECT_COMPARISON,Pandemic-year endpoint; ILO modelled services share.,WDI release 2026-07-13; retrieved 2026-10-06,VERIFIED_SAME_RELEASE
BWA-SL_SRV_EMPL_ZS-2020-2020,Botswana,BWA,2020,2020,0,65.5169543548605,65.5,,,percent of total employment,SL.SRV.EMPL.ZS,SRC-WDI-001,https://api.worldbank.org/v2/country/BWA/indicator/SL.SRV.EMPL.ZS?date=2020:2020&format=json,APPROVED_FOR_DIRECT_COMPARISON,Pandemic-year endpoint; ILO modelled services share.,WDI release 2026-07-13; retrieved 2026-10-06,VERIFIED_SAME_RELEASE
MUS-SL_SRV_EMPL_ZS-2020-2020,Mauritius,MUS,2020,2020,0,71.2777463613354,71.3,,,percent of total employment,SL.SRV.EMPL.ZS,SRC-WDI-001,https://api.worldbank.org/v2/country/MUS/indicator/SL.SRV.EMPL.ZS?date=2020:2020&format=json,APPROVED_FOR_DIRECT_COMPARISON,Pandemic-year endpoint; ILO modelled services share.,WDI release 2026-07-13; retrieved 2026-10-06,VERIFIED_SAME_RELEASE
MYS-SL_SRV_EMPL_ZS-2020-2020,Malaysia,MYS,2020,2020,0,63.3629009801003,63.3,,,percent of total employment,SL.SRV.EMPL.ZS,SRC-WDI-001,https://api.worldbank.org/v2/country/MYS/indicator/SL.SRV.EMPL.ZS?date=2020:2020&format=json,APPROVED_FOR_DIRECT_COMPARISON,Pandemic-year endpoint; ILO modelled services share.,WDI release 2026-07-13; retrieved 2026-10-06,VERIFIED_SAME_RELEASE
PHL-SL_SRV_EMPL_ZS-2020-2020,Philippines,PHL,2020,2020,0,56.779244056703,56.8,,,percent of total employment,SL.SRV.EMPL.ZS,SRC-WDI-001,https://api.worldbank.org/v2/country/PHL/indicator/SL.SRV.EMPL.ZS?date=2020:2020&format=json,APPROVED_FOR_DIRECT_COMPARISON,Pandemic-year endpoint; ILO modelled services share.,WDI release 2026-07-13; retrieved 2026-10-06,VERIFIED_SAME_RELEASE
GHA-SP_URB_TOTL_IN_ZS-1960-1960,Ghana,GHA,1960,1960,0,23.2863556454639,,,,percent of total population,SP.URB.TOTL.IN.ZS,SRC-WDI-001,https://api.worldbank.org/v2/country/GHA/indicator/SP.URB.TOTL.IN.ZS?date=1960:1960&format=json,APPROVED_FOR_DIRECT_COMPARISON,National urban definitions and boundaries can differ/change.,WDI release 2026-07-13; retrieved 2026-10-06,VERIFIED_SAME_RELEASE
KOR-SP_URB_TOTL_IN_ZS-1960-1960,South Korea,KOR,1960,1960,0,27.6858239622977,,,,percent of total population,SP.URB.TOTL.IN.ZS,SRC-WDI-001,https://api.worldbank.org/v2/country/KOR/indicator/SP.URB.TOTL.IN.ZS?date=1960:1960&format=json,APPROVED_FOR_DIRECT_COMPARISON,National urban definitions and boundaries can differ/change.,WDI release 2026-07-13; retrieved 2026-10-06,VERIFIED_SAME_RELEASE
BWA-SP_URB_TOTL_IN_ZS-1960-1960,Botswana,BWA,1960,1960,0,3.00183842990332,,,,percent of total population,SP.URB.TOTL.IN.ZS,SRC-WDI-001,https://api.worldbank.org/v2/country/BWA/indicator/SP.URB.TOTL.IN.ZS?date=1960:1960&format=json,APPROVED_FOR_DIRECT_COMPARISON,National urban definitions and boundaries can differ/change.,WDI release 2026-07-13; retrieved 2026-10-06,VERIFIED_SAME_RELEASE
MUS-SP_URB_TOTL_IN_ZS-1960-1960,Mauritius,MUS,1960,1960,0,39.8850689345934,,,,percent of total population,SP.URB.TOTL.IN.ZS,SRC-WDI-001,https://api.worldbank.org/v2/country/MUS/indicator/SP.URB.TOTL.IN.ZS?date=1960:1960&format=json,APPROVED_FOR_DIRECT_COMPARISON,National urban definitions and boundaries can differ/change.,WDI release 2026-07-13; retrieved 2026-10-06,VERIFIED_SAME_RELEASE
MYS-SP_URB_TOTL_IN_ZS-1960-1960,Malaysia,MYS,1960,1960,0,26.0668629662027,,,,percent of total population,SP.URB.TOTL.IN.ZS,SRC-WDI-001,https://api.worldbank.org/v2/country/MYS/indicator/SP.URB.TOTL.IN.ZS?date=1960:1960&format=json,APPROVED_WITH_VISIBLE_CAVEAT,Retrospective territorial series predates the 1963 formation of Malaysia; national urban definitions also vary.,WDI release 2026-07-13; retrieved 2026-10-06,VERIFIED_CAVEAT_REQUIRED
PHL-SP_URB_TOTL_IN_ZS-1960-1960,Philippines,PHL,1960,1960,0,30.0110353409461,,,,percent of total population,SP.URB.TOTL.IN.ZS,SRC-WDI-001,https://api.worldbank.org/v2/country/PHL/indicator/SP.URB.TOTL.IN.ZS?date=1960:1960&format=json,APPROVED_FOR_DIRECT_COMPARISON,National urban definitions and boundaries can differ/change.,WDI release 2026-07-13; retrieved 2026-10-06,VERIFIED_SAME_RELEASE
GHA-SP_URB_TOTL_IN_ZS-1990-1990,Ghana,GHA,1990,1990,0,35.7432148671435,,,,percent of total population,SP.URB.TOTL.IN.ZS,SRC-WDI-001,https://api.worldbank.org/v2/country/GHA/indicator/SP.URB.TOTL.IN.ZS?date=1990:1990&format=json,APPROVED_FOR_DIRECT_COMPARISON,National urban definitions and boundaries can differ/change.,WDI release 2026-07-13; retrieved 2026-10-06,VERIFIED_SAME_RELEASE
KOR-SP_URB_TOTL_IN_ZS-1990-1990,South Korea,KOR,1990,1990,0,73.9851161168568,,,,percent of total population,SP.URB.TOTL.IN.ZS,SRC-WDI-001,https://api.worldbank.org/v2/country/KOR/indicator/SP.URB.TOTL.IN.ZS?date=1990:1990&format=json,APPROVED_FOR_DIRECT_COMPARISON,National urban definitions and boundaries can differ/change.,WDI release 2026-07-13; retrieved 2026-10-06,VERIFIED_SAME_RELEASE
BWA-SP_URB_TOTL_IN_ZS-1990-1990,Botswana,BWA,1990,1990,0,43.6455666126291,,,,percent of total population,SP.URB.TOTL.IN.ZS,SRC-WDI-001,https://api.worldbank.org/v2/country/BWA/indicator/SP.URB.TOTL.IN.ZS?date=1990:1990&format=json,APPROVED_FOR_DIRECT_COMPARISON,National urban definitions and boundaries can differ/change.,WDI release 2026-07-13; retrieved 2026-10-06,VERIFIED_SAME_RELEASE
MUS-SP_URB_TOTL_IN_ZS-1990-1990,Mauritius,MUS,1990,1990,0,43.9000015220485,,,,percent of total population,SP.URB.TOTL.IN.ZS,SRC-WDI-001,https://api.worldbank.org/v2/country/MUS/indicator/SP.URB.TOTL.IN.ZS?date=1990:1990&format=json,APPROVED_FOR_DIRECT_COMPARISON,National urban definitions and boundaries can differ/change.,WDI release 2026-07-13; retrieved 2026-10-06,VERIFIED_SAME_RELEASE
MYS-SP_URB_TOTL_IN_ZS-1990-1990,Malaysia,MYS,1990,1990,0,49.0330672220994,,,,percent of total population,SP.URB.TOTL.IN.ZS,SRC-WDI-001,https://api.worldbank.org/v2/country/MYS/indicator/SP.URB.TOTL.IN.ZS?date=1990:1990&format=json,APPROVED_FOR_DIRECT_COMPARISON,National urban definitions and boundaries can differ/change.,WDI release 2026-07-13; retrieved 2026-10-06,VERIFIED_SAME_RELEASE
PHL-SP_URB_TOTL_IN_ZS-1990-1990,Philippines,PHL,1990,1990,0,36.0011791352366,,,,percent of total population,SP.URB.TOTL.IN.ZS,SRC-WDI-001,https://api.worldbank.org/v2/country/PHL/indicator/SP.URB.TOTL.IN.ZS?date=1990:1990&format=json,APPROVED_FOR_DIRECT_COMPARISON,National urban definitions and boundaries can differ/change.,WDI release 2026-07-13; retrieved 2026-10-06,VERIFIED_SAME_RELEASE
GHA-SP_URB_TOTL_IN_ZS-2020-2020,Ghana,GHA,2020,2020,0,56.2171613974837,,,,percent of total population,SP.URB.TOTL.IN.ZS,SRC-WDI-001,https://api.worldbank.org/v2/country/GHA/indicator/SP.URB.TOTL.IN.ZS?date=2020:2020&format=json,APPROVED_FOR_DIRECT_COMPARISON,National urban definitions and boundaries can differ/change.,WDI release 2026-07-13; retrieved 2026-10-06,VERIFIED_SAME_RELEASE
KOR-SP_URB_TOTL_IN_ZS-2020-2020,South Korea,KOR,2020,2020,0,81.1759595622913,,,,percent of total population,SP.URB.TOTL.IN.ZS,SRC-WDI-001,https://api.worldbank.org/v2/country/KOR/indicator/SP.URB.TOTL.IN.ZS?date=2020:2020&format=json,APPROVED_FOR_DIRECT_COMPARISON,National urban definitions and boundaries can differ/change.,WDI release 2026-07-13; retrieved 2026-10-06,VERIFIED_SAME_RELEASE
BWA-SP_URB_TOTL_IN_ZS-2020-2020,Botswana,BWA,2020,2020,0,66.4488166494554,,,,percent of total population,SP.URB.TOTL.IN.ZS,SRC-WDI-001,https://api.worldbank.org/v2/country/BWA/indicator/SP.URB.TOTL.IN.ZS?date=2020:2020&format=json,APPROVED_FOR_DIRECT_COMPARISON,National urban definitions and boundaries can differ/change.,WDI release 2026-07-13; retrieved 2026-10-06,VERIFIED_SAME_RELEASE
MUS-SP_URB_TOTL_IN_ZS-2020-2020,Mauritius,MUS,2020,2020,0,39.1607039074325,,,,percent of total population,SP.URB.TOTL.IN.ZS,SRC-WDI-001,https://api.worldbank.org/v2/country/MUS/indicator/SP.URB.TOTL.IN.ZS?date=2020:2020&format=json,APPROVED_FOR_DIRECT_COMPARISON,National urban definitions and boundaries can differ/change.,WDI release 2026-07-13; retrieved 2026-10-06,VERIFIED_SAME_RELEASE
MYS-SP_URB_TOTL_IN_ZS-2020-2020,Malaysia,MYS,2020,2020,0,75.0511895575672,,,,percent of total population,SP.URB.TOTL.IN.ZS,SRC-WDI-001,https://api.worldbank.org/v2/country/MYS/indicator/SP.URB.TOTL.IN.ZS?date=2020:2020&format=json,APPROVED_FOR_DIRECT_COMPARISON,National urban definitions and boundaries can differ/change.,WDI release 2026-07-13; retrieved 2026-10-06,VERIFIED_SAME_RELEASE
PHL-SP_URB_TOTL_IN_ZS-2020-2020,Philippines,PHL,2020,2020,0,54.1077719895977,,,,percent of total population,SP.URB.TOTL.IN.ZS,SRC-WDI-001,https://api.worldbank.org/v2/country/PHL/indicator/SP.URB.TOTL.IN.ZS?date=2020:2020&format=json,APPROVED_FOR_DIRECT_COMPARISON,National urban definitions and boundaries can differ/change.,WDI release 2026-07-13; retrieved 2026-10-06,VERIFIED_SAME_RELEASE
GHA-WGI_GE_EST_2026-2020-2020,Ghana,GHA,2020,2020,0,0.0556797,,-0.2568853,0.3682447,standard-normal governance estimate; approximately -2.5 to +2.5,WGI.GE.EST.2026,SRC-WGI26-001,wgidataset_with_sourcedata-2026.xlsx; sheet ge; economy GHA; year 2020; estimate and 90% bounds,APPROVED_WITH_VISIBLE_CAVEAT,"Government Effectiveness is perception-based governance, not trust; show 90% confidence interval.",WGI 2026 update; retrieved 2026-10-06,VERIFIED_CAVEAT_REQUIRED
KOR-WGI_GE_EST_2026-2020-2020,South Korea,KOR,2020,2020,0,1.5408948,,1.15916,1.9226296,standard-normal governance estimate; approximately -2.5 to +2.5,WGI.GE.EST.2026,SRC-WGI26-001,wgidataset_with_sourcedata-2026.xlsx; sheet ge; economy KOR; year 2020; estimate and 90% bounds,APPROVED_WITH_VISIBLE_CAVEAT,"Government Effectiveness is perception-based governance, not trust; show 90% confidence interval.",WGI 2026 update; retrieved 2026-10-06,VERIFIED_CAVEAT_REQUIRED
BWA-WGI_GE_EST_2026-2020-2020,Botswana,BWA,2020,2020,0,0.3907372,,0.0413355,0.7401389,standard-normal governance estimate; approximately -2.5 to +2.5,WGI.GE.EST.2026,SRC-WGI26-001,wgidataset_with_sourcedata-2026.xlsx; sheet ge; economy BWA; year 2020; estimate and 90% bounds,APPROVED_WITH_VISIBLE_CAVEAT,"Government Effectiveness is perception-based governance, not trust; show 90% confidence interval.",WGI 2026 update; retrieved 2026-10-06,VERIFIED_CAVEAT_REQUIRED
MUS-WGI_GE_EST_2026-2020-2020,Mauritius,MUS,2020,2020,0,0.9564112,,0.5836877,1.3291347,standard-normal governance estimate; approximately -2.5 to +2.5,WGI.GE.EST.2026,SRC-WGI26-001,wgidataset_with_sourcedata-2026.xlsx; sheet ge; economy MUS; year 2020; estimate and 90% bounds,APPROVED_WITH_VISIBLE_CAVEAT,"Government Effectiveness is perception-based governance, not trust; show 90% confidence interval.",WGI 2026 update; retrieved 2026-10-06,VERIFIED_CAVEAT_REQUIRED
MYS-WGI_GE_EST_2026-2020-2020,Malaysia,MYS,2020,2020,0,0.9351625,,0.5494299,1.3208951,standard-normal governance estimate; approximately -2.5 to +2.5,WGI.GE.EST.2026,SRC-WGI26-001,wgidataset_with_sourcedata-2026.xlsx; sheet ge; economy MYS; year 2020; estimate and 90% bounds,APPROVED_WITH_VISIBLE_CAVEAT,"Government Effectiveness is perception-based governance, not trust; show 90% confidence interval.",WGI 2026 update; retrieved 2026-10-06,VERIFIED_CAVEAT_REQUIRED
PHL-WGI_GE_EST_2026-2020-2020,Philippines,PHL,2020,2020,0,0.1340562,,-0.2320513,0.5001637,standard-normal governance estimate; approximately -2.5 to +2.5,WGI.GE.EST.2026,SRC-WGI26-001,wgidataset_with_sourcedata-2026.xlsx; sheet ge; economy PHL; year 2020; estimate and 90% bounds,APPROVED_WITH_VISIBLE_CAVEAT,"Government Effectiveness is perception-based governance, not trust; show 90% confidence interval.",WGI 2026 update; retrieved 2026-10-06,VERIFIED_CAVEAT_REQUIRED
GHA-WGI_RL_EST_2026-2020-2020,Ghana,GHA,2020,2020,0,0.0930935,,-0.144174,0.330361,standard-normal governance estimate; approximately -2.5 to +2.5,WGI.RL.EST.2026,SRC-WGI26-001,wgidataset_with_sourcedata-2026.xlsx; sheet rl; economy GHA; year 2020; estimate and 90% bounds,APPROVED_WITH_VISIBLE_CAVEAT,"Rule of Law is perception-based governance, not trust; show 90% confidence interval.",WGI 2026 update; retrieved 2026-10-06,VERIFIED_CAVEAT_REQUIRED
KOR-WGI_RL_EST_2026-2020-2020,South Korea,KOR,2020,2020,0,1.1612116,,0.9043354,1.4180878,standard-normal governance estimate; approximately -2.5 to +2.5,WGI.RL.EST.2026,SRC-WGI26-001,wgidataset_with_sourcedata-2026.xlsx; sheet rl; economy KOR; year 2020; estimate and 90% bounds,APPROVED_WITH_VISIBLE_CAVEAT,"Rule of Law is perception-based governance, not trust; show 90% confidence interval.",WGI 2026 update; retrieved 2026-10-06,VERIFIED_CAVEAT_REQUIRED
BWA-WGI_RL_EST_2026-2020-2020,Botswana,BWA,2020,2020,0,0.3614259,,0.0985383,0.6243135,standard-normal governance estimate; approximately -2.5 to +2.5,WGI.RL.EST.2026,SRC-WGI26-001,wgidataset_with_sourcedata-2026.xlsx; sheet rl; economy BWA; year 2020; estimate and 90% bounds,APPROVED_WITH_VISIBLE_CAVEAT,"Rule of Law is perception-based governance, not trust; show 90% confidence interval.",WGI 2026 update; retrieved 2026-10-06,VERIFIED_CAVEAT_REQUIRED
MUS-WGI_RL_EST_2026-2020-2020,Mauritius,MUS,2020,2020,0,0.9487347,,0.6154222,1.2820472,standard-normal governance estimate; approximately -2.5 to +2.5,WGI.RL.EST.2026,SRC-WGI26-001,wgidataset_with_sourcedata-2026.xlsx; sheet rl; economy MUS; year 2020; estimate and 90% bounds,APPROVED_WITH_VISIBLE_CAVEAT,"Rule of Law is perception-based governance, not trust; show 90% confidence interval.",WGI 2026 update; retrieved 2026-10-06,VERIFIED_CAVEAT_REQUIRED
MYS-WGI_RL_EST_2026-2020-2020,Malaysia,MYS,2020,2020,0,0.3791556,,0.1216666,0.6366446,standard-normal governance estimate; approximately -2.5 to +2.5,WGI.RL.EST.2026,SRC-WGI26-001,wgidataset_with_sourcedata-2026.xlsx; sheet rl; economy MYS; year 2020; estimate and 90% bounds,APPROVED_WITH_VISIBLE_CAVEAT,"Rule of Law is perception-based governance, not trust; show 90% confidence interval.",WGI 2026 update; retrieved 2026-10-06,VERIFIED_CAVEAT_REQUIRED
PHL-WGI_RL_EST_2026-2020-2020,Philippines,PHL,2020,2020,0,-0.6230015,,-0.8827409,-0.3632621,standard-normal governance estimate; approximately -2.5 to +2.5,WGI.RL.EST.2026,SRC-WGI26-001,wgidataset_with_sourcedata-2026.xlsx; sheet rl; economy PHL; year 2020; estimate and 90% bounds,APPROVED_WITH_VISIBLE_CAVEAT,"Rule of Law is perception-based governance, not trust; show 90% confidence interval.",WGI 2026 update; retrieved 2026-10-06,VERIFIED_CAVEAT_REQUIRED
