asset_id,proposed_visual,creator,date,title,source_id,source_page_url,direct_asset_url,exact_feature,rights_status,rights_or_licence,rights_statement_url,required_attribution,geometry_suitability,allowed_transformation,editorial_decision,apa_figure_note,access_date,limitations,verification_status
ASSET-H1-LOC1914,H1 1914 colonial-control map,"Vladimir V. Linde; Wagner & Debes",1914,Africa,SRC-LOC-AFRICA14-001,https://www.loc.gov/item/2021668660/,,"Entire 99 x 77 cm sheet; colonial-possession colour key; operational/planned rail symbols; scale 1:10,000,000",OPEN_NO_KNOWN_RESTRICTIONS,"Item-specific Rights & Access says the Library of Congress is unaware of copyright or other restrictions in the World Digital Library Collection and, absent restrictions, the materials are free to use and reuse.",https://www.loc.gov/item/2021668660/,"Linde, V. V., & Wagner & Debes. (1914). Africa [Map]. L. Friederichsen & Company. World Digital Library/Library of Congress, Geography and Map Division, item 2021668660.","Usable for a dated 1914 continental overview and print crop; original size and dense legend support detail, but generalized boundaries, German labels, and category colours are not precision GIS geometry.","Crop; resize; add clearly separate editorial annotations and present-day locator; disclose modifications. Recolouring or silent relabelling of the original legend is not recommended because it could change meaning.",ADAPT,"Note. Adapted from Africa (scale 1:10,000,000), by V. V. Linde and Wagner & Debes, 1914, L. Friederichsen & Company (Library of Congress, Geography and Map Division, item 2021668660, https://www.loc.gov/item/2021668660/). The Library of Congress is unaware of restrictions and states that the item is free to use and reuse absent restrictions. Cropped; editorial annotations added. The sheet shows generalized 1914 colonial possessions and predates post-World War I mandates.",2026-10-07,"Shows claims/control as mapped in 1914, not effective administrative reach, cultural territories, later mandates, or modern sovereignty.",VERIFIED_USABLE
ASSET-H1-CSHAPES1914,H1 optional dated-boundary geometry check,"Guy Schvitz; Luc Girardin; Seraina Ruegger; Nils B. Weidmann; Lars-Erik Cederman; Kristian S. Gleditsch",2022,CShapes 2.0,SRC-CSHAPES22-001,https://doi.org/10.1177/00220027211013563,https://cran.r-project.org/package=cshapes,"Country-year polygons for 1914; independent states and dependent territories",OPEN_SOURCE_WITH_CONDITIONS,"CRAN package DESCRIPTION states GPL (>= 2); the article describes free academic/non-commercial availability.",https://cran.r-project.org/web/packages/cshapes/DESCRIPTION,"Schvitz et al. (2022); identify CShapes 2.0 and retain the applicable GPL notice/source offer if modified package geometry is distributed.","Suitable for checking dated state/dependency outlines; not suitable for colonial-control categories, administrative reach, or cultural areas.","Modification and redistribution are possible under GPL conditions, but any distributed derivative data require licence/source compliance.",REDRAW_FROM_DATA_NOT_SELECTED,"Not selected for a published figure. If later used: Note. Boundaries redrawn from CShapes 2.0 country-year polygons for 1914, by Schvitz et al. (2022), https://doi.org/10.1177/00220027211013563. CShapes codes recognized states and dependencies, not effective administrative reach.",2026-10-07,"Adds no needed control categories beyond the cleared historical sheet; licensing compliance is disproportionate for a nonessential geometry check.",VERIFIED_NOT_SELECTED
ASSET-H5-JM-FIGURES,H5 Ghana railway construction and route-purpose visual,"Remi Jedwab; Alexander Moradi",2012,"Figures 1-3 in Colonial investments and long-term development in Africa: Evidence from Ghanaian railways",SRC-JEDWAB-MORADI12-001,https://www.dartmouth.edu/neudc2012/docs/paper_34.pdf,https://www.dartmouth.edu/neudc2012/docs/paper_34.pdf,"Figure 1 railway lines in 1918 with cocoa suitability/provinces; Figure 2 built and placebo lines; Figure 3 1900 transport networks and profitable-production area",PERMISSION_REQUIRED,"No Creative Commons or other affirmative reuse licence appears in the opened working paper. Online access permits reading/citation, not reproduction or adaptation of the artwork.",https://www.dartmouth.edu/neudc2012/docs/paper_34.pdf,"Jedwab, R., & Moradi, A. (2012). Colonial investments and long-term development in Africa: Evidence from Ghanaian railways [Working paper]. Northeast Universities Development Consortium.","Conceptually suitable for the route sequence and the distinction between built/planned lines, but the figures combine analytical layers and are too dense for the planned magazine spread; not cleared for tracing.","No reproduction, crop, trace, or close adaptation without written permission. Copyright does not protect the cited facts: an independently composed, explicitly schematic diagram may use named nodes, opening periods, and documented relationships without copying map geometry or visual expression.",REDRAW_AS_ORIGINAL_SCHEMATIC,"Note. Original schematic based on the documented railway sequence, named destinations, and route functions in Jedwab and Moradi (2012, pp. 1-4, 6-10); the 1957 condition is from World Bank (1985, printed p. 18/PDF p. 27, para. 1.03). The published maps were neither reproduced nor traced because reuse permission was not verified. Routes are schematic, not survey geometry.",2026-10-07,"Segment-level operator/owner labels remain unverified. Use colonial government railway at current resolution; separate authorization purpose from later use/effect.",VERIFIED_PERMISSION_REQUIRED_WITH_USABLE_ALTERNATIVE
ASSET-H5-DCW-GEOMETRY,H5 underlying Ghana railway line geometry,"United States Defense Mapping Agency; exact file/edition not identified in the paper",1992,Digital Chart of the World railway geometry cited by Jedwab and Moradi,SRC-JEDWAB-MORADI12-001,https://www.dartmouth.edu/neudc2012/docs/paper_34.pdf,,"Data Appendix A states that railway-line GIS layout came from Digital Chart of the World; no exact file, edition, extraction, or licence is supplied",UNVERIFIABLE_UNUSABLE,"The proposed source chain does not identify the exact DCW file or its applicable distribution terms, so provenance and transformation rights cannot be verified from the cited paper.",https://www.dartmouth.edu/neudc2012/docs/paper_34.pdf,"Do not attribute a new artwork to DCW without an exact source file and terms.","Potentially useful line geometry, but vintage, extraction, and match to 1898-1918 segment openings cannot be audited from the citation provided.","None approved for production from this source chain.",REJECT,"Not applicable: this geometry is excluded from publication. Use the original-schematic note under ASSET-H5-JM-FIGURES.",2026-10-07,"The linked paper identifies no separate DCW rights statement. Online mention inside a paper is not a geometry licence. Do not download substitute files or infer historical opening dates from undated linework.",REJECTED_UNVERIFIABLE
ASSET-H6-PAINE-FIG7D,H6 Ghana-Togo one-boundary two-outcomes visual,"Jack Paine; Xiaoyan Qiu; Joan Ricart-Huguet",2024,"Figure 7d: Ghana-Togo in Endogenous colonial borders: Precolonial states and geography in the partition of Africa",SRC-PAINE25-001,https://doi.org/10.1017/S0003055424000054,https://static.cambridge.org/binary/version/id/urn%3Acambridge.org%3Aid%3Abinary%3A20250129081413123-0575%3AS0003055424000054%3AS0003055424000054_fig7.png,"Panel d: Gold Coast-German Togoland provisional boundary; border since 1919; Dagomba polygon; Ewe generalized cultural-area polygon",OPEN_LICENSE,"Article and included Figure 7 are published under Creative Commons Attribution 4.0, permitting sharing and adaptation with attribution and an indication of changes.",https://creativecommons.org/licenses/by/4.0/,"Paine, J., Qiu, X., & Ricart-Huguet, J. (2025), Figure 7d, American Political Science Review, CC BY 4.0; link licence and state changes.","The publisher PNG is 1973 x 1776 for all four panels; panel d alone is too small for a large A4 feature. The article PDF/vector figure is suitable as a reference for a simplified, newly typeset panel. Preserve relative topology and distinguish provisional/final borders and reconstructed areas by pattern plus colour.","Reproduce, crop, recolour, simplify, and adapt under CC BY 4.0, provided attribution and change indication are retained. Do not remove the reconstructed-area caveat.",ADAPT,"Note. Adapted from Figure 7d in Endogenous colonial borders: Precolonial states and geography in the partition of Africa, by J. Paine, X. Qiu, and J. Ricart-Huguet, 2025, American Political Science Review, 119(1), p. 14 (https://doi.org/10.1017/S0003055424000054). CC BY 4.0 (https://creativecommons.org/licenses/by/4.0/). Simplified and restyled. The Ewe area derives from a mid-twentieth-century ethnographic reconstruction and is generalized, not a timeless or exact identity boundary.",2026-10-07,"Figure labels the final boundary as since 1919; the exact legal/demarcation sequence should not be made more precise without an official treaty/archival source.",VERIFIED_USABLE
ASSET-H6-PAINE-DATA,H6 optional redraw from Ghana-Togo replication layers,"Jack Paine; Xiaoyan Qiu; Joan Ricart-Huguet",2024,Replication data for Endogenous colonial borders,SRC-PAINE-DATA24-001,https://doi.org/10.7910/DVN/9QJVJ1,https://dataverse.harvard.edu/dataset.xhtml?persistentId=doi:10.7910/DVN/9QJVJ1,"Version 1; Ghana_BritishTogoland shapefile components; PCS and Murdock-derived layers; Fig7.pdf among 330 public files",CUSTOM_TERMS_PERMISSION_REQUIRED,"Dataset-specific Terms of Use: dataset not to be distributed/posted outside Harvard Dataverse and all downloads should take place directly there. No affirmative publication/adaptation licence is stated.",https://dataverse.harvard.edu/api/datasets/:persistentId/versions/1.0/customlicense?persistentId=doi:10.7910/DVN/9QJVJ1,"Cite Paine, Qiu, and Ricart-Huguet (2024), Version 1, DOI 10.7910/DVN/9QJVJ1; do not redistribute files.","Technically suitable and includes Ghana_BritishTogoland components, but the custom terms make publication of a fresh geometry derivative legally unclear.","Downloading for verification is allowed through Harvard Dataverse; distribution/posting is prohibited. Treat publication of a derived redraw as permission-required.",DO_NOT_REDRAW_FROM_DATA_USE_CC_BY_ARTICLE,"Not selected. Use the CC BY 4.0 Figure 7d adaptation note under ASSET-H6-PAINE-FIG7D instead.",2026-10-07,"RES-001 recorded an incomplete DOI (10.7910/DVN/9QJVJ); the verified DOI is 10.7910/DVN/9QJVJ1. Public access is not an open licence.",VERIFIED_PERMISSION_REQUIRED
ASSET-PH-GHA-TEMA-001,"Ghana documentary candidate — Tema port; pages 1 or 13 supporting context",JulianGrayscales,2020-02-08,Tema port,SRC-PHOTO-COMMONS-GHA-TEMA-001,https://commons.wikimedia.org/wiki/File:Tema_port.jpg,https://upload.wikimedia.org/wikipedia/commons/6/65/Tema_port.jpg,"Country: Ghana; place: Tema; subject: Tema Port seen from the nearby beach; analytical role: port infrastructure and the coexistence of coastal public space and trade logistics",OPEN_LICENSE,"CC BY-SA 4.0 permits sharing and adaptation with attribution, a licence link, change indication, and ShareAlike for adaptations.",https://creativecommons.org/licenses/by-sa/4.0/,"JulianGrayscales, Tema port, 8 February 2020, via Wikimedia Commons, CC BY-SA 4.0; state any crop or other change.","3385 x 2248; suitable for a half-page or paired landscape crop while retaining the beach-to-port relationship.","Crop, resize, and tonal correction permitted; credit and change notice required; adapted output must use CC BY-SA 4.0 or a compatible licence.",SHORTLIST,"Photo: Tema Port from a nearby beach, Ghana, 8 February 2020. JulianGrayscales/Wikimedia Commons, CC BY-SA 4.0. Cropped if used.",2026-10-08,"Distant view cannot identify port ownership, throughput, labour conditions, trade composition, or development effects; do not present it as causal proof.",VERIFIED_USABLE
ASSET-PH-GHA-ACCRA-001,"Ghana documentary candidate — Accra market; pages 1 or 22 everyday exchange",Amuzujoe,2020-11-27,Market Accra,SRC-PHOTO-COMMONS-GHA-ACCRA-001,https://commons.wikimedia.org/wiki/File:Market_Accra.jpg,https://upload.wikimedia.org/wikipedia/commons/4/48/Market_Accra.jpg,"Country: Ghana; place: Accra, specific market not named; subject: market activity; analytical role: everyday exchange and urban economic life at human scale",OPEN_LICENSE,"CC BY-SA 4.0 permits sharing and adaptation with attribution, a licence link, change indication, and ShareAlike for adaptations.",https://creativecommons.org/licenses/by-sa/4.0/,"Amuzujoe, Market Accra, 27 November 2020, via Wikimedia Commons, CC BY-SA 4.0; state any crop or other change.","3024 x 4032 portrait; suitable for a vertical documentary slot; keep enough context to avoid isolating or stereotyping individuals.","Crop, resize, and tonal correction permitted; credit and change notice required; adapted output must use CC BY-SA 4.0 or a compatible licence.",SHORTLIST,"Photo: Market activity, Accra, Ghana, 27 November 2020. Amuzujoe/Wikimedia Commons, CC BY-SA 4.0. Cropped if used.",2026-10-08,"The item page names Accra but not the market; it cannot measure informality, income, productivity, trust, or represent Ghanaian commerce as a whole. Model-release status is not stated.",VERIFIED_USABLE
ASSET-PH-BWA-GABORONE-001,"Botswana documentary candidate — Gaborone Bus Rank; page 22 mobility and counterexample context",Sarvesh Lutchmun,2015-08-06,"Bus Terminal in Gaborone, Botswana",SRC-PHOTO-COMMONS-BWA-GABORONE-001,"https://commons.wikimedia.org/wiki/File:Sarvesh_Lutchmun_-_Bus_Terminal_in_Gaborone,_Botswana.jpg","https://upload.wikimedia.org/wikipedia/commons/5/51/Sarvesh_Lutchmun_-_Bus_Terminal_in_Gaborone%2C_Botswana.jpg","Country: Botswana; place: Gaborone Bus Rank; subject: main bus terminal and public transport; analytical role: everyday mobility and national/regional connection",OPEN_LICENSE,"CC BY-SA 4.0 permits sharing and adaptation with attribution, a licence link, change indication, and ShareAlike for adaptations.",https://creativecommons.org/licenses/by-sa/4.0/,"Sarvesh Lutchmun, Bus Terminal in Gaborone, Botswana, 6 August 2015, via Wikimedia Commons, CC BY-SA 4.0; state any crop or other change.","4896 x 3672; suitable for a large contextual image or detail crop that keeps the terminal setting visible.","Crop, resize, and tonal correction permitted; credit and change notice required; adapted output must use CC BY-SA 4.0 or a compatible licence.",SHORTLIST,"Photo: Gaborone Bus Rank, Botswana, 6 August 2015. Sarvesh Lutchmun/Wikimedia Commons, CC BY-SA 4.0. Cropped if used.",2026-10-08,"A single terminal scene cannot establish transport coverage, access, integration, service quality, or Botswana's growth mechanism. Model-release status is not stated.",VERIFIED_USABLE
ASSET-PH-BWA-MOCHUDI-001,"Botswana documentary candidate — Mochudi solar pumping; pages 10 or 22 infrastructure adaptation",Paul tk,2018-09-14,MochudiBotswanaSolarPanel,SRC-PHOTO-COMMONS-BWA-MOCHUDI-001,https://commons.wikimedia.org/wiki/File:MochudiBotswanaSolarPanel.jpg,https://upload.wikimedia.org/wikipedia/commons/0/00/MochudiBotswanaSolarPanel.jpg,"Country: Botswana; place: Mochudi; subject: solar-powered pumping system and electric fencing; analytical role: a concrete example of small-scale infrastructure adaptation",OPEN_LICENSE,"CC BY-SA 4.0 permits sharing and adaptation with attribution, a licence link, change indication, and ShareAlike for adaptations.",https://creativecommons.org/licenses/by-sa/4.0/,"Paul tk, MochudiBotswanaSolarPanel, 14 September 2018, via Wikimedia Commons, CC BY-SA 4.0; state any crop or other change.","960 x 640; suitable only for a modest inset at print resolution; avoid upscaling to a full-page image.","Crop, resize, and tonal correction permitted; credit and change notice required; adapted output must use CC BY-SA 4.0 or a compatible licence.",SHORTLIST,"Photo: Solar-powered pumping installation, Mochudi, Botswana, 14 September 2018. Paul tk/Wikimedia Commons, CC BY-SA 4.0. Cropped if used.",2026-10-08,"Uploader description does not document installation owner, operating results, beneficiaries, or representativeness; the image cannot prove infrastructure access or policy effectiveness.",VERIFIED_USABLE
ASSET-PH-MUS-MARKET-001,"Mauritius documentary candidate — Port Louis Central Market; page 22 everyday urban economy",Didier Baertschiger,2015-03-09,"Mauritius - Port Louis (Central Market)",SRC-PHOTO-COMMONS-MUS-MARKET-001,"https://commons.wikimedia.org/wiki/File:Mauritius_-_Port_Louis_(Central_Market)_(17118303459).jpg","https://upload.wikimedia.org/wikipedia/commons/9/93/Mauritius_-_Port_Louis_%28Central_Market%29_%2817118303459%29.jpg","Country: Mauritius; place: Central Market, Port Louis; subject: market and street activity; analytical role: everyday exchange in the capital rather than a resort stereotype",OPEN_LICENSE,"CC BY-SA 2.0 permits sharing and adaptation with attribution, a licence link, change indication, and ShareAlike for adaptations.",https://creativecommons.org/licenses/by-sa/2.0/,"Didier Baertschiger, Mauritius - Port Louis (Central Market), 9 March 2015, via Wikimedia Commons/Flickr, CC BY-SA 2.0; state any crop or other change.","4016 x 6016 portrait; suitable for a full-height or half-page vertical crop while retaining the market context.","Crop, resize, and tonal correction permitted; credit and change notice required; adapted output must use the same or a compatible ShareAlike licence.",SHORTLIST,"Photo: Central Market, Port Louis, Mauritius, 9 March 2015. Didier Baertschiger/Wikimedia Commons, CC BY-SA 2.0. Cropped if used.",2026-10-08,"The scene cannot quantify firm formality, trust, productivity, income, or national diversity. Model-release status is not stated; avoid isolating individuals in a decontextualizing crop.",VERIFIED_USABLE
ASSET-PH-MUS-SUGAR-001,"Mauritius documentary candidate — Port Louis Bulk Sugar Terminal Quay; pages 11 or 22 trade and adaptation",Richard N Horne,2025-04-03,"Port Louis, Mauritius, Bulk Sugar Terminal Quay",SRC-PHOTO-COMMONS-MUS-SUGAR-001,"https://commons.wikimedia.org/wiki/File:Port_Louis,_Mauritius,_Bulk_Sugar_Terminal_Quay.jpg","https://upload.wikimedia.org/wikipedia/commons/8/8e/Port_Louis%2C_Mauritius%2C_Bulk_Sugar_Terminal_Quay.jpg","Country: Mauritius; place: Port Louis; subject: bulk sugar terminal quay; analytical role: visible trade infrastructure tied to a historically important export sector",OPEN_LICENSE,"CC BY 4.0 permits sharing and adaptation with attribution, a licence link, and indication of changes.",https://creativecommons.org/licenses/by/4.0/,"Richard N Horne, Port Louis, Mauritius, Bulk Sugar Terminal Quay, 3 April 2025, via Wikimedia Commons, CC BY 4.0; state any crop or other change.","2444 x 1833; suitable for a half-page landscape or process-detail crop.","Crop, resize, and tonal correction permitted; credit, licence link, and change notice required; no ShareAlike condition.",SHORTLIST,"Photo: Bulk Sugar Terminal Quay, Port Louis, Mauritius, 3 April 2025. Richard N Horne/Wikimedia Commons, CC BY 4.0. Cropped if used.",2026-10-08,"A 2025 exterior view cannot establish historical export volumes, ownership, value addition, diversification, labour conditions, or the causes of Mauritius's development path.",VERIFIED_USABLE
ASSET-PH-KOR-BUSAN-001,"South Korea documentary candidate — Busan harbour; pages 12 or 13 logistics context",Svwmal,2012-04-08,"South Korea Busan harbour",SRC-PHOTO-COMMONS-KOR-BUSAN-001,https://commons.wikimedia.org/wiki/File:South_Korea_Busan_harbour.jpg,https://upload.wikimedia.org/wikipedia/commons/a/a2/South_Korea_Busan_harbour.jpg,"Country: South Korea; place: Busan Port; subject: harbour and ships; analytical role: port infrastructure within an export-oriented economy",OPEN_LICENSE,"CC BY-SA 3.0 permits sharing and adaptation with attribution, a licence link, change indication, and ShareAlike for adaptations.",https://creativecommons.org/licenses/by-sa/3.0/,"Svwmal, South Korea Busan harbour, 8 April 2012, via Wikimedia Commons, CC BY-SA 3.0; state any crop or other change.","3072 x 2304; suitable for a half-page landscape or paired documentary crop.","Crop, resize, and tonal correction permitted; credit and change notice required; adapted output must use the same or a compatible ShareAlike licence.",SHORTLIST,"Photo: Busan harbour, South Korea, 8 April 2012. Svwmal/Wikimedia Commons, CC BY-SA 3.0. Cropped if used.",2026-10-08,"The image postdates the main industrial take-off and cannot establish export policy, throughput, ownership, labour conditions, or causality.",VERIFIED_USABLE
ASSET-PH-KOR-GYEONGDONG-001,"South Korea documentary candidate — Gyeongdong Market; page 12 everyday economy",Gaël Chardon,2008-04-21,"Korea-Seoul-Gyeongdong Market-01",SRC-PHOTO-COMMONS-KOR-GYEONGDONG-001,https://commons.wikimedia.org/wiki/File:Korea-Seoul-Gyeongdong_Market-01.jpg,https://upload.wikimedia.org/wikipedia/commons/2/23/Korea-Seoul-Gyeongdong_Market-01.jpg,"Country: South Korea; place: Gyeongdong Market, Jaegi-dong, Dongdaemun-gu, Seoul; subject: herbal market; analytical role: everyday commerce alongside the industrial narrative",OPEN_LICENSE,"CC BY-SA 2.0 permits sharing and adaptation with attribution, a licence link, change indication, and ShareAlike for adaptations.",https://creativecommons.org/licenses/by-sa/2.0/,"Gaël Chardon, Korea-Seoul-Gyeongdong Market-01, 21 April 2008, via Wikimedia Commons/Flickr, CC BY-SA 2.0; state any crop or other change.","3072 x 2304; suitable for a half-page documentary image; keep contextual market cues visible.","Crop, resize, and tonal correction permitted; credit and change notice required; adapted output must use the same or a compatible ShareAlike licence.",SHORTLIST,"Photo: Gyeongdong Market, Seoul, South Korea, 21 April 2008. Gaël Chardon/Wikimedia Commons, CC BY-SA 2.0. Cropped if used.",2026-10-08,"One market cannot characterize national culture, informality, productivity, or consumer life. Model-release status is not stated; avoid crops that make people decorative specimens.",VERIFIED_USABLE
ASSET-PH-MYS-PERAI-001,"Malaysia documentary candidate — Perai Free Industrial Zone; pages 10 or 22 industrial capability",HundenvonPenang,2024-01-27,"Perai Industrial Zone, Seberang Perai, Penang",SRC-PHOTO-COMMONS-MYS-PERAI-001,"https://commons.wikimedia.org/wiki/File:Perai_Industrial_Zone,_Seberang_Perai,_Penang.jpg","https://upload.wikimedia.org/wikipedia/commons/1/1a/Perai_Industrial_Zone%2C_Seberang_Perai%2C_Penang.jpg","Country: Malaysia; place: Perai Free Industrial Zone, Seberang Perai, Penang; subject: aerial view of industrial zone; analytical role: the spatial scale of manufacturing infrastructure",OPEN_LICENSE,"CC BY-SA 4.0 permits sharing and adaptation with attribution, a licence link, change indication, and ShareAlike for adaptations.",https://creativecommons.org/licenses/by-sa/4.0/,"HundenvonPenang, Perai Industrial Zone, Seberang Perai, Penang, 27 January 2024, via Wikimedia Commons, CC BY-SA 4.0; state any crop or other change.","7344 x 5508; high-resolution aerial suitable for a large contextual crop; preserve identifiable industrial-zone context.","Crop, resize, and tonal correction permitted; credit and change notice required; adapted output must use CC BY-SA 4.0 or a compatible licence.",SHORTLIST,"Photo: Perai Free Industrial Zone, Seberang Perai, Penang, Malaysia, 27 January 2024. HundenvonPenang/Wikimedia Commons, CC BY-SA 4.0. Cropped if used.",2026-10-08,"A 2024 aerial cannot show firm ownership, technology, jobs, wages, value added, historical sequencing, or whether the zone caused national development.",VERIFIED_USABLE
ASSET-PH-MYS-PORTKLANG-001,"Malaysia documentary candidate — Port Klang containers; pages 11 or 22 trade logistics",jgmorard,2009-03-01,090301.020.PortKlang,SRC-PHOTO-COMMONS-MYS-PORTKLANG-001,https://commons.wikimedia.org/wiki/File:090301.020.PortKlang.jpg,https://upload.wikimedia.org/wikipedia/commons/0/0d/090301.020.PortKlang.jpg,"Country: Malaysia; place: Port Klang; subject: containers aboard a ship; analytical role: physical trade logistics without treating containers as proof of domestic value addition",OPEN_LICENSE,"CC BY 2.0 permits sharing and adaptation with attribution, a licence link, and indication of changes.",https://creativecommons.org/licenses/by/2.0/,"jgmorard, 090301.020.PortKlang, 1 March 2009, via Wikimedia Commons/Flickr, CC BY 2.0; state any crop or other change.","1600 x 1064; suitable for a modest half-page landscape or detail crop; avoid full-bleed enlargement.","Crop, resize, and tonal correction permitted; credit, licence link, and change notice required; no ShareAlike condition.",SHORTLIST,"Photo: Containers on a ship at Port Klang, Malaysia, 1 March 2009. jgmorard/Wikimedia Commons, CC BY 2.0. Cropped if used.",2026-10-08,"The image cannot distinguish imported inputs from domestic exports, measure local value addition, identify cargo, or prove trade-led growth.",VERIFIED_USABLE
ASSET-PH-PHL-MANILAPORT-001,"Philippines documentary candidate — Port of Manila; pages 11 or 22 logistics context",Theurbanhistorian,2009-07-18,"Port of Manila",SRC-PHOTO-COMMONS-PHL-MANILAPORT-001,https://commons.wikimedia.org/wiki/File:Port_of_Manila.jpg,https://upload.wikimedia.org/wikipedia/commons/9/92/Port_of_Manila.jpg,"Country: Philippines; place: Port of Manila, Manila; subject: seaport at night; analytical role: logistics infrastructure in the slower-path Asian case",OPEN_LICENSE,"CC BY-SA 3.0 permits sharing and adaptation with attribution, a licence link, change indication, and ShareAlike for adaptations.",https://creativecommons.org/licenses/by-sa/3.0/,"Theurbanhistorian, Port of Manila, 18 July 2009, via Wikimedia Commons, CC BY-SA 3.0; state any crop or other change.","Original item is a long-exposure night photograph; use as contextual infrastructure imagery after print proof, not as a technical port diagram.","Crop, resize, and tonal correction permitted; credit and change notice required; adapted output must use the same or a compatible ShareAlike licence.",SHORTLIST,"Photo: Port of Manila, Philippines, 18 July 2009. Theurbanhistorian/Wikimedia Commons, CC BY-SA 3.0. Cropped if used.",2026-10-08,"Night view cannot establish capacity, congestion, trade composition, governance, labour conditions, or the causes of Philippine development outcomes.",VERIFIED_USABLE
ASSET-PH-PHL-DAMPA-001,"Philippines documentary candidate — Dampa Seaside Market; page 22 everyday exchange",george ruiz,2013-01-04,"The Philippines — seaside market in Manila",SRC-PHOTO-COMMONS-PHL-DAMPA-001,"https://commons.wikimedia.org/wiki/File:2013-01-04_The_Philippines-_seaside_market_in_Manila.jpg","https://upload.wikimedia.org/wikipedia/commons/f/f7/2013-01-04_The_Philippines-_seaside_market_in_Manila.jpg","Country: Philippines; place: Dampa Seaside Market, Metro Manila; subject: market activity; analytical role: everyday urban exchange and food distribution",OPEN_LICENSE,"CC BY 2.0 permits sharing and adaptation with attribution, a licence link, and indication of changes.",https://creativecommons.org/licenses/by/2.0/,"george ruiz, The Philippines — seaside market in Manila, 4 January 2013, via Wikimedia Commons/Flickr, CC BY 2.0; state any crop or other change.","Item is suitable for a contextual market image; final layout must inspect resolution and avoid isolating individuals from the market setting.","Crop, resize, and tonal correction permitted; credit, licence link, and change notice required; no ShareAlike condition.",SHORTLIST,"Photo: Dampa Seaside Market, Metro Manila, Philippines, 4 January 2013. george ruiz/Wikimedia Commons, CC BY 2.0. Cropped if used.",2026-10-08,"The item page names the market and Manila but does not establish a more precise municipality; it cannot measure informality, income, productivity, food security, or national culture. Model-release status is not stated.",VERIFIED_USABLE
