claim_id,page_id,claim_text,source_id,page_or_table,indicator_or_query,evidence_type,confidence,counterevidence,status,reviewer,review_date,country,file_section,actual_year,value_unit,limitation
GHA-GDP-1960,,"GDP per capita was US$1,101 in 1960",SRC-WDI-001,API observation,"GHA/NY.GDP.PCAP.KD?date=1960:1960; value 1100.76305218242",direct dataset,H,,APPROVED,SRC-001,2026-10-04,Ghana,1 GDP per capita,1960,constant 2015 US dollars,Dynamic WDI value rounded to nearest dollar
GHA-GDP-1990,,"GDP per capita was US$856 in 1990",SRC-WDI-001,API observation,"GHA/NY.GDP.PCAP.KD?date=1990:1990; value 855.85250708181",direct dataset,H,,APPROVED,SRC-001,2026-10-04,Ghana,1 GDP per capita,1990,constant 2015 US dollars,Dynamic WDI value rounded to nearest dollar
GHA-GDP-2020,,"GDP per capita was US$1,970 in 2020",SRC-WDI-001,API observation,"GHA/NY.GDP.PCAP.KD?date=2020:2020; value 1970.19411460398",direct dataset,H,,APPROVED,SRC-001,2026-10-04,Ghana,1 GDP per capita,2020,constant 2015 US dollars,COVID year; rounded
GHA-GDP-2019,,"GDP per capita was about US$2,000 in 2019",SRC-WDI-001,API observation,"GHA/NY.GDP.PCAP.KD?date=2019:2019; value 1999.55372220211",direct dataset,H,,APPROVED,SRC-001,2026-10-04,Ghana,1 GDP per capita,2019,constant 2015 US dollars,Rounded
GHA-GDP-H01,,"GDP per capita in 1990 was lower than in 1960; Ghana lost 30 years",SRC-WDI-001,Derived from two API observations,"GHA/NY.GDP.PCAP.KD; 1960=1100.7631; 1990=855.8525",derived comparison,H,"'Lost 30 years' is rhetorical and does not mean all welfare dimensions fell",APPROVED,SRC-001,2026-10-04,Ghana,Headline 1,"1960;1990",constant 2015 US dollars,Descriptive income comparison only
GHA-PROD-1991,,"Labour productivity was US$7,400 in 1991 as proxy for 1990",SRC-WDI-001,API observation,"GHA/SL.GDP.PCAP.EM.KD?date=1991:1991; value 7399.52922177477",direct dataset,H,,APPROVED,SRC-001,2026-10-04,Ghana,2 Labour productivity,1991,constant 2021 PPP dollars per person employed,Proxy explicitly labelled
GHA-PROD-2020,,"Labour productivity was US$17,124 in 2020",SRC-WDI-001,API observation,"GHA/SL.GDP.PCAP.EM.KD?date=2020:2020; value 17123.6101345562",direct dataset,H,,APPROVED,SRC-001,2026-10-04,Ghana,2 Labour productivity,2020,constant 2021 PPP dollars per person employed,Rounded
GHA-EMP-1991,,"Employment in 1991 was 71.8% agriculture, 9.0% industry, and 19.3% services",SRC-WDI-001,Three API observations,"GHA; SL.AGR.EMPL.ZS=71.7798539769875; SL.IND.EMPL.ZS=8.97060315413509; SL.SRV.EMPL.ZS=19.2495592579111; year=1991",direct modelled dataset,M,,APPROVED,SRC-001,2026-10-04,Ghana,3 Employment by sector,1991,percent of total employment,ILO modelled estimates; proxy for 1990
GHA-EMP-2020,,"Employment in 2020 was 37.4% agriculture, 15.2% industry, and 47.4% services",SRC-WDI-001,Three API observations,"GHA; SL.AGR.EMPL.ZS=37.4159627643187; SL.IND.EMPL.ZS=15.2083269307954; SL.SRV.EMPL.ZS=47.3757103048859; year=2020",direct modelled dataset,M,,APPROVED,SRC-001,2026-10-04,Ghana,3 Employment by sector,2020,percent of total employment,ILO modelled estimates
GHA-EMP-1960N,,"The 1960 census reports roughly 60–65% employment in agriculture",,,"No census table/page supplied",secondary assertion,L,,UNRESOLVED,SRC-001,2026-10-04,Ghana,3 Employment by sector,1960,percent,Must open exact census table and definition
GHA-MANF-1965,,"Manufacturing value added was 9.8% of GDP in 1965",SRC-WDI-001,API observation,"GHA/NV.IND.MANF.ZS?date=1965:1965; value 9.75443383356071",direct dataset,M,,APPROVED,SRC-001,2026-10-04,Ghana,4 Manufacturing share,1965,percent of GDP,Proxy for 1960 explicitly labelled
GHA-MANF-1968,,"Manufacturing value added was 12.6% of GDP in 1968",SRC-WDI-001,API observation,"GHA/NV.IND.MANF.ZS?date=1968:1968; value 12.5882352941176",direct dataset,H,,APPROVED,SRC-001,2026-10-04,Ghana,4 Manufacturing share,1968,percent of GDP,Rounded
GHA-MANF-1975,,"Manufacturing value added peaked at 13.95% of GDP in 1975",SRC-WDI-001,API series,"GHA/NV.IND.MANF.ZS?date=1960:2020; 1975=13.9504069657392; maximum over returned non-null observations through 2020",direct plus calculation,H,,APPROVED,SRC-001,2026-10-04,Ghana,4 Manufacturing share,1975,percent of GDP,Peak is within WDI coverage and may be revised
GHA-MANF-1990,,"Manufacturing value added was 9.8% of GDP in 1990",SRC-WDI-001,API observation,"GHA/NV.IND.MANF.ZS?date=1990:1990; value 9.76285290799468",direct dataset,H,,APPROVED,SRC-001,2026-10-04,Ghana,4 Manufacturing share,1990,percent of GDP,Rounded
GHA-MANF-2020,,"Manufacturing value added was 11.0% of GDP in 2020",SRC-WDI-001,API observation,"GHA/NV.IND.MANF.ZS?date=2020:2020; value 10.9530558483938",direct dataset,H,,APPROVED,SRC-001,2026-10-04,Ghana,4 Manufacturing share,2020,percent of GDP,Rounded
GHA-MANF-H02,,"Manufacturing rose, collapsed in the 1980s, and incompletely recovered by 2020",SRC-WDI-001,API series,"GHA/NV.IND.MANF.ZS?date=1965:2020",derived interpretation,M,,APPROVED,SRC-001,2026-10-04,Ghana,Headline 2,1965-2020,percent of GDP,Descriptive trajectory; label premature deindustrialisation requires literature
GHA-EXP-1960,,"In 1960 cocoa was about 45% of exports and gold plus timber about 30%",SRC-GHA-PLAN64-001,Foreign Trade chapter,"Original plan reports roughly 60% of export income from cocoa and products",historical report,L,"IMF historical review reports 50–70%; plan says roughly 60%",REVISION_REQUIRED,SRC-001,2026-10-04,Ghana,5 Export composition,1960,percent of merchandise export income,Replace unsupported split with precisely defined original table
GHA-EXP-1990,,"In 1990 cocoa was about 40%, gold/minerals about 30%, timber third, and combined about 75%",SRC-IMF-GHA00-001,Export-sector discussion,"No exact 1990 table; cocoa >1/3 at start of 1990s; gold 35% only by 1994; traditional four near 90% before early 1990s",secondary synthesis,L,"Source supports broad concentration but not exact row",REVISION_REQUIRED,SRC-001,2026-10-04,Ghana,5 Export composition,1990,percent of merchandise exports,Exact year and commodity taxonomy absent
GHA-EXP-2020,,"Gold, crude petroleum, and cocoa products combined were about 83% of Ghana's exports in 2020",SRC-GSS-TRADE24-001,2024 report section 3.1,"83.4% applies to 2024, not 2020",wrong-year source,L,"WITS 2020 interface does not establish 83.4%",REJECTED,SRC-001,2026-10-04,Ghana,5 Export composition,2020,percent of merchandise exports,Wrong-year substitution
GHA-EXP-2019,,"2019 export shares were gold about 37%, fuels about 32%, cocoa about 15%",,,"No reproducible query or exact source locator supplied",unspecified,L,,UNRESOLVED,SRC-001,2026-10-04,Ghana,5 Export composition,2019,percent of merchandise exports,Do not carry into 2020
GHA-LIT-1960,,"Adult literacy in Ghana was about 25% in 1960",SRC-GHA-CENSUS60-001,Census catalog,"Catalog confirms census but not literacy table",secondary estimate,L,"Definitions and age universe may differ",UNRESOLVED,SRC-001,2026-10-04,Ghana,6 Adult literacy,1960,percent age 15+,Open census volume/table
GHA-LIT-2000,,"Adult literacy was 57.9% in 2000",SRC-WDI-001,API observation,"GHA/SE.ADT.LITR.ZS?date=2000:2000; value 57.9000015258789",direct dataset,H,,APPROVED,SRC-001,2026-10-04,Ghana,6 Adult literacy,2000,percent age 15+,Outside proxy window for 1990
GHA-LIT-2021,,"Adult literacy was 76.5% in 2021 as proxy for 2020",SRC-WDI-001,API observation,"GHA/SE.ADT.LITR.ZS?date=2021:2021; value 76.4899978637695",direct dataset,H,,APPROVED,SRC-001,2026-10-04,Ghana,6 Adult literacy,2021,percent age 15+,Proxy explicitly labelled
GHA-LIT-1970N,,"The 1970 census reported about 30% literacy",,,"No exact census table/page supplied",secondary assertion,L,,UNRESOLVED,SRC-001,2026-10-04,Ghana,6 Adult literacy,1970,percent,Definition and universe missing
GHA-URB-1960,,"Urban population share was 23.3% in 1960",SRC-WDI-001,API observation,"GHA/SP.URB.TOTL.IN.ZS?date=1960:1960; value 23.2863556454639",direct dataset,H,,APPROVED,SRC-001,2026-10-04,Ghana,7 Urbanisation,1960,percent of population,UN estimates through WDI
GHA-URB-1990,,"Urban population share was 35.7% in 1990",SRC-WDI-001,API observation,"GHA/SP.URB.TOTL.IN.ZS?date=1990:1990; value 35.7432148671435",direct dataset,H,,APPROVED,SRC-001,2026-10-04,Ghana,7 Urbanisation,1990,percent of population,UN estimates through WDI
GHA-URB-2020,,"Urban population share was 56.2% in 2020",SRC-WDI-001,API observation,"GHA/SP.URB.TOTL.IN.ZS?date=2020:2020; value 56.2171613974837",direct dataset,H,,APPROVED,SRC-001,2026-10-04,Ghana,7 Urbanisation,2020,percent of population,UN estimates through WDI
GHA-URB-2010X,,"Ghana crossed 50% urban around 2010",SRC-WDI-001,API series,"GHA/SP.URB.TOTL.IN.ZS?date=2009:2011",derived dataset,H,,APPROVED,SRC-001,2026-10-04,Ghana,7 Urbanisation,2010,percent of population,Rounded timing
GHA-URB-H03,,"Ghana urbanised from 23% to 56% while manufacturing did not grow proportionally",SRC-WDI-001,Derived from two WDI series,"GHA/SP.URB.TOTL.IN.ZS and GHA/NV.IND.MANF.ZS; 1960 manufacturing absent so 1965 proxy must be visible",derived comparison,M,,REVISION_REQUIRED,SRC-001,2026-10-04,Ghana,Headline 3,1960-2020,mixed percentages,Headline must say manufacturing baseline is 1965 proxy and cannot prove causality
GHA-ELC-1993,,"Electricity access was 30.6% in 1993",SRC-WDI-001,API observation,"GHA/EG.ELC.ACCS.ZS?date=1993:1993; value 30.6",direct dataset,H,,APPROVED,SRC-001,2026-10-04,Ghana,8 Electricity access,1993,percent of population,Earliest WDI observation
GHA-ELC-2000,,"Electricity access was 43.7% in 2000",SRC-WDI-001,API observation,"GHA/EG.ELC.ACCS.ZS?date=2000:2000; value 43.7",direct dataset,H,,APPROVED,SRC-001,2026-10-04,Ghana,8 Electricity access,2000,percent of population,Proxy outside 1990 window
GHA-ELC-2020,,"Electricity access was 85.4% in 2020",SRC-WDI-001,API observation,"GHA/EG.ELC.ACCS.ZS?date=2020:2020; value 85.4",direct dataset,H,,APPROVED,SRC-001,2026-10-04,Ghana,8 Electricity access,2020,percent of population,
GHA-ELC-H04,,"Electricity access rose from about 44% in 2000 to 85% in 2020",SRC-WDI-001,Two API observations,"GHA/EG.ELC.ACCS.ZS; 2000=43.7; 2020=85.4",derived comparison,H,,APPROVED,SRC-001,2026-10-04,Ghana,Headline 4,"2000;2020",percent of population,"Claim that it is among the sample's sharpest gains is unresolved until six-country data exist"
GHA-INF-1988,,"Informal employment was about 80% of non-agricultural employment in the 1987/88 GLSS",,,"No exact report table/page supplied",secondary assertion,L,,UNRESOLVED,SRC-001,2026-10-04,Ghana,9 Informality,1987/88,percent of non-agricultural employment,Definition differs from total informal employment
GHA-INF-2015,,"Informal employment was 78.1% in 2015",SRC-GSS-LFS15-001,Exact locator missing,"Ghana LFS 2015; value corroborated by ILOST-derived publications",direct survey,M,,REVISION_REQUIRED,SRC-001,2026-10-04,Ghana,9 Informality,2015,percent of total employment,Add original table/page or reproducible ILOSTAT query
GHA-INF-YOUTH,,"ILO 2023 reports youth informal employment of 88.8% for men and 95.2% for women",SRC-ILO-GHA23-001,PDF p. 4,"Those are all-worker male/female values for 2013; youth values are 93.4% male and 95.1% female",misquoted report,L,"Youth total is 94.2%",REJECTED,SRC-001,2026-10-04,Ghana,9 Informality,2013,percent of employment,Wrong population and omitted year
GHA-WGI-2000,,"Ghana Rule of Law estimate was about -0.2 in 2000",SRC-WGI26-001,rl sheet,"GHA; year 2000; estimate -0.2399138; 90% CI -0.5822425 to 0.1024149",direct dataset,H,,APPROVED,SRC-001,2026-10-04,Ghana,10 Governance,2000,standard-normal estimate,Updated release revises historical values
GHA-WGI-2020,,"Ghana Rule of Law estimate was +0.11 in 2020",SRC-WGI26-001,rl sheet,"GHA; year 2020; estimate 0.0930935; 90% CI -0.144174 to 0.330361",direct dataset,H,"Rounded old release/mirror differs",REVISION_REQUIRED,SRC-001,2026-10-04,Ghana,10 Governance,2020,standard-normal estimate,Use current official 0.09 and uncertainty interval
GHA-WGI-HIST,,"Ghana's historical WGI average was 0.04 and minimum -0.50 in 1998",SRC-WGI26-001,rl sheet,"Current 2026 workbook has 1998=-0.5966588; historical average not recomputed here",derived old release,L,"2026 release recalculates series",REVISION_REQUIRED,SRC-001,2026-10-04,Ghana,10 Governance,1996-2025,standard-normal estimate,Recalculate from one frozen release
KOR-GDP-1960,,"GDP per capita was US$1,038 in 1960",SRC-WDI-001,API observation,"KOR/NY.GDP.PCAP.KD?date=1960:1960; value 1037.72899231615",direct dataset,H,,APPROVED,SRC-001,2026-10-04,South Korea,1 GDP per capita,1960,constant 2015 US dollars,Rounded
KOR-GDP-1990,,"GDP per capita was US$9,673 in 1990",SRC-WDI-001,API observation,"KOR/NY.GDP.PCAP.KD?date=1990:1990; value 9672.57845182894",direct dataset,H,,APPROVED,SRC-001,2026-10-04,South Korea,1 GDP per capita,1990,constant 2015 US dollars,Rounded
KOR-GDP-2020,,"GDP per capita was US$33,216 in 2020",SRC-WDI-001,API observation,"KOR/NY.GDP.PCAP.KD?date=2020:2020; value 33215.9298928108",direct dataset,H,,APPROVED,SRC-001,2026-10-04,South Korea,1 GDP per capita,2020,constant 2015 US dollars,Rounded
KOR-GDP-RATIO90,,"Korea's 1990 GDP per capita was about 11 times Ghana's",SRC-WDI-001,Derived,"9672.57845182894 / 855.85250708181 = 11.3017",derived comparison,H,,APPROVED,SRC-001,2026-10-04,South Korea,1 GDP per capita,1990,ratio,Rounded
KOR-GDP-RATIO20,,"Korea's 2020 GDP per capita was about 17 times Ghana's",SRC-WDI-001,Derived,"33215.9298928108 / 1970.19411460398 = 16.859",derived comparison,H,,APPROVED,SRC-001,2026-10-04,South Korea,1 GDP per capita,2020,ratio,Rounded
KOR-GDP-H01,,"In 1960 Korea had US$1,038 GDP per capita versus Ghana US$1,101",SRC-WDI-001,Two API observations,"KOR and GHA/NY.GDP.PCAP.KD?date=1960:1960",direct comparison,H,,APPROVED,SRC-001,2026-10-04,South Korea,Headline check,1960,constant 2015 US dollars,Similar income does not establish identical starting conditions
MPD-GHA-1960,,"Maddison Ghana GDP per capita was 2,197 in 1960",SRC-MPD23-001,Full data sheet,"countrycode=GHA; year=1960; gdppc=2197",direct dataset,H,,APPROVED,SRC-001,2026-10-04,Ghana,Maddison cross-check,1960,2011 international dollars,Requires original Ghana source citation for publication use
MPD-KOR-1960,,"Maddison Korea GDP per capita was 1,548 in 1960",SRC-MPD23-001,Full data sheet,"countrycode=KOR; year=1960; gdppc=1547.6917726385554",direct dataset,H,,APPROVED,SRC-001,2026-10-04,South Korea,Maddison cross-check,1960,2011 international dollars,Requires original Korea source citation for publication use
MPD-KOR-1990,,"Maddison Korea GDP per capita was 13,874 in 1990",SRC-MPD23-001,Full data sheet,"countrycode=KOR; year=1990; gdppc=13874",direct dataset,H,,APPROVED,SRC-001,2026-10-04,South Korea,Maddison cross-check,1990,2011 international dollars,Requires original Korea source citation for publication use
MPD-KOR-2020,,"Maddison Korea GDP per capita was 38,607 in 2020",SRC-MPD23-001,Full data sheet,"countrycode=KOR; year=2020; gdppc=38606.98332035484",direct dataset,H,,APPROVED,SRC-001,2026-10-04,South Korea,Maddison cross-check,2020,2011 international dollars,Requires original Korea source citation for publication use
KOR-PROD-1991,,"Labour productivity was US$35,978 in 1991 as proxy for 1990",SRC-WDI-001,API observation,"KOR/SL.GDP.PCAP.EM.KD?date=1991:1991; value 35977.9382182175",direct dataset,H,,APPROVED,SRC-001,2026-10-04,South Korea,2 Labour productivity,1991,constant 2021 PPP dollars per person employed,Proxy explicitly labelled
KOR-PROD-2020,,"Labour productivity was US$93,906 in 2020",SRC-WDI-001,API observation,"KOR/SL.GDP.PCAP.EM.KD?date=2020:2020; value 93905.8652726407",direct dataset,H,,APPROVED,SRC-001,2026-10-04,South Korea,2 Labour productivity,2020,constant 2021 PPP dollars per person employed,Rounded
KOR-PROD-RATIO20,,"Korea's 2020 labour productivity was about 5.5 times Ghana's",SRC-WDI-001,Derived,"93905.8652726407 / 17123.6101345562 = 5.484",derived comparison,H,,APPROVED,SRC-001,2026-10-04,South Korea,2 Labour productivity,2020,ratio,Rounded
KOR-EMP-1963,,"Employment around 1963 was 61% agriculture, 9% industry, and 30% services",SRC-KOR-EMP63-001,Table 3-5,"1963 exact published groups are 63.1 agriculture/forestry/fishery, 8.7 mining/quarrying/manufacturing, 28.2 services",historical table,M,"File values do not match cited table",REVISION_REQUIRED,SRC-001,2026-10-04,South Korea,3 Employment by sector,1963,percent of employment,Use exact source categories and actual year
KOR-EMP-1991,,"Employment in 1991 was 15.5% agriculture, 37.2% industry, and 47.4% services",SRC-WDI-001,Three API observations,"KOR; SL.AGR.EMPL.ZS=15.4803368403517; SL.IND.EMPL.ZS=37.1597644608214; SL.SRV.EMPL.ZS=47.359888440688; year=1991",direct modelled dataset,H,,APPROVED,SRC-001,2026-10-04,South Korea,3 Employment by sector,1991,percent of total employment,ILO modelled estimates; proxy for 1990
KOR-EMP-2020,,"Employment in 2020 was 5.4% agriculture, 24.6% industry, and 70.0% services",SRC-WDI-001,Three API observations,"KOR; SL.AGR.EMPL.ZS=5.37120678440121; SL.IND.EMPL.ZS=24.6462264496937; SL.SRV.EMPL.ZS=69.9825667659051; year=2020",direct modelled dataset,H,,APPROVED,SRC-001,2026-10-04,South Korea,3 Employment by sector,2020,percent of total employment,ILO modelled estimates
KOR-EMP-H04,,"Korea moved workers out of agriculture into industry then services while Ghana remained highly agricultural through 1991",SRC-WDI-001,Paired series,"SL.AGR.EMPL.ZS; SL.IND.EMPL.ZS; SL.SRV.EMPL.ZS; GHA/KOR 1991 and 2020",derived interpretation,M,,APPROVED,SRC-001,2026-10-04,South Korea,Headline 4,1991-2020,percent of employment,1960 Ghana comparison is not directly comparable
KOR-MANF-1960,,"Manufacturing value added was 11.4% of GDP in 1960",SRC-WDI-001,API observation,"KOR/NV.IND.MANF.ZS?date=1960:1960; value 11.4035087719298",direct dataset,H,,APPROVED,SRC-001,2026-10-04,South Korea,4 Manufacturing share,1960,percent of GDP,
KOR-MANF-1990,,"Manufacturing value added was 25.2% of GDP in 1990",SRC-WDI-001,API observation,"KOR/NV.IND.MANF.ZS?date=1990:1990; value 25.2385195677477",direct dataset,H,,APPROVED,SRC-001,2026-10-04,South Korea,4 Manufacturing share,1990,percent of GDP,
KOR-MANF-2020,,"Manufacturing value added was 25.7% of GDP in 2020",SRC-WDI-001,API observation,"KOR/NV.IND.MANF.ZS?date=2020:2020; value 25.7002433607737",direct dataset,H,,APPROVED,SRC-001,2026-10-04,South Korea,4 Manufacturing share,2020,percent of GDP,
KOR-MANF-2011,,"Manufacturing value added peaked at 29.0% of GDP in 2011",SRC-WDI-001,API series,"KOR/NV.IND.MANF.ZS?date=1960:2020; 2011=29.0005575131874; maximum in returned observations",direct plus calculation,H,,APPROVED,SRC-001,2026-10-04,South Korea,4 Manufacturing share,2011,percent of GDP,Peak through 2020 in dynamic WDI
KOR-MANF-2018N,,"Manufacturing held at 27–29% through 2018",SRC-WDI-001,API series,"KOR/NV.IND.MANF.ZS?date=2011:2018",direct dataset,H,,APPROVED,SRC-001,2026-10-04,South Korea,4 Manufacturing share,2011-2018,percent of GDP,
KOR-MANF-H03,,"Korea doubled manufacturing share to about 25% and held while Ghana peaked then fell",SRC-WDI-001,Paired WDI series,"GHA/KOR/NV.IND.MANF.ZS?date=1960:2020; Ghana 1965 proxy must be shown",derived comparison,H,,REVISION_REQUIRED,SRC-001,2026-10-04,South Korea,Headline 3,1960-2020,percent of GDP,Ghana has no 1960 WDI observation; use 1965 proxy visibly
KOR-MANF-NODEIND,,"Korea is one of the few advanced economies not to have deindustrialised",,,"No cross-country comparator or literature source supplied",substantive assertion,L,,UNRESOLVED,SRC-001,2026-10-04,South Korea,4 Manufacturing share,2011-2020,,Requires comparative evidence and definition of deindustrialisation
KOR-EXP-1960,,"In 1960 primary products exceeded 70% and manufactures were under 30% of exports",SRC-KIM1971-001,Table 1 pp. 16-17,"Primary 86.3%; manufactures 13.7% in 1960",historical table,H,,APPROVED,SRC-001,2026-10-04,South Korea,5 Export composition,1960,percent of commodity exports,Country file understates precision available
KOR-EXP-1995,,"1995 proxy shares were electronics 29%, machinery 12%, and cars/parts 7%",,,"OEC/WITS named but no saved 1995 query or product-code mapping",dataset assertion,L,,UNRESOLVED,SRC-001,2026-10-04,South Korea,5 Export composition,1995,percent of merchandise exports,Replace with true 1990 pull or preserve exact query and taxonomy
KOR-EXP-2020,,"2020 HS2 shares were electronics 33.7%, machinery 13.3%, and cars/parts 9.8%",SRC-WITS-KOR20-001,WITS summary,"Summary confirms total and top HS6 products but not these HS2 aggregate percentages",dataset aggregation,M,,REVISION_REQUIRED,SRC-001,2026-10-04,South Korea,5 Export composition,2020,percent of merchandise exports,Save exact HS revision and chapter aggregation query
KOR-EXP-H05,,"Korea shifted from primary exports such as tungsten and marine products to integrated circuits and cars",SRC-KIM1971-001;SRC-WITS-KOR20-001,"Kim Table 1 and WITS 2020 summary","1960 primary exports and 2020 top HS6 exports",cross-source interpretation,H,,APPROVED,SRC-001,2026-10-04,South Korea,Headline 5,1960-2020,,Commodity identities supported; avoid implying a single unchanged taxonomy
GHA-EXP-H05,,"Ghana shifted from cocoa and gold to gold and oil while retaining a commodity-heavy structure",SRC-GHA-PLAN64-001;SRC-WITS-GHA20-001,Historical plan and WITS 2020 interface,"Broad identities supported; exact 2020 shares unresolved",cross-source interpretation,M,,REVISION_REQUIRED,SRC-001,2026-10-04,Ghana,Paired headline 5,1960-2020,,Use only after verified 2020 aggregation
KOR-LIT-1960,,"Adult literacy in Korea was about 71% in 1960",SRC-WB-KOR-ED23-001;SRC-WDR80-001,World Bank report and candidate WDR table,"World Bank 2023 cites 71%; original 1980 table locator not yet opened",secondary corroboration,M,,REVISION_REQUIRED,SRC-001,2026-10-04,South Korea,6 Adult literacy,1960,percent adult literacy,Replace current UNESCO/Kim citation with original table and definition
KOR-LIT-1990,,"Adult literacy in Korea was about 93–96% in 1990",,,"No exact source year, table, or definition supplied",secondary estimate,L,,UNRESOLVED,SRC-001,2026-10-04,South Korea,6 Adult literacy,1990,percent adult literacy,Range is not a numeric observation
KOR-LIT-2008,,"Adult literacy was about 98% in 2008 as latest WDI observation",SRC-WDI-001,API observation,"KOR/SE.ADT.LITR.ZS?date=2008:2008; value 97.9700012207031",direct dataset,H,,APPROVED,SRC-001,2026-10-04,South Korea,6 Adult literacy,2008,percent age 15+,Not a 2020 proxy; 12-year gap
KOR-LIT-H02,,"1960 literacy was about 71% in Korea versus about 25% in Ghana, a roughly 2.8-fold difference",SRC-WB-KOR-ED23-001;SRC-GHA-CENSUS60-001,Candidate historical sources,"71 / 25 = 2.84 but Ghana value lacks original table",derived comparison,L,,UNRESOLVED,SRC-001,2026-10-04,South Korea,Headline 2,1960,percent adult literacy,Definitions and sources are not yet matched
KOR-URB-1960,,"Urban population share was 27.7% in 1960",SRC-WDI-001,API observation,"KOR/SP.URB.TOTL.IN.ZS?date=1960:1960; value 27.6858239622977",direct dataset,H,,APPROVED,SRC-001,2026-10-04,South Korea,7 Urbanisation,1960,percent of population,UN estimates through WDI
KOR-URB-1990,,"Urban population share was 74.0% in 1990",SRC-WDI-001,API observation,"KOR/SP.URB.TOTL.IN.ZS?date=1990:1990; value 73.9851161168568",direct dataset,H,,APPROVED,SRC-001,2026-10-04,South Korea,7 Urbanisation,1990,percent of population,UN estimates through WDI
KOR-URB-2020,,"Urban population share was 81.2% in 2020",SRC-WDI-001,API observation,"KOR/SP.URB.TOTL.IN.ZS?date=2020:2020; value 81.1759595622913",direct dataset,H,,APPROVED,SRC-001,2026-10-04,South Korea,7 Urbanisation,2020,percent of population,UN estimates through WDI
KOR-URB-CAUSE,,"Korea urbanised around industrial jobs while Ghana urbanised without them",SRC-WDI-001,Paired indicator series,"Urbanisation and employment/manufacturing series are descriptive",causal interpretation,L,"Parallel trends do not establish what urbanisation was 'around'",REVISION_REQUIRED,SRC-001,2026-10-04,South Korea,7 Urbanisation,1960-2020,,Rewrite as association and cite causal literature separately
KOR-ELC-1990,,"Electricity access was 99.88% in 1990",SRC-WDI-001,API observation,"KOR/EG.ELC.ACCS.ZS?date=1990:1990; value 99.8828430175781",direct dataset,H,,APPROVED,SRC-001,2026-10-04,South Korea,8 Electricity access,1990,percent of population,
KOR-ELC-2020,,"Electricity access was 100% in 2020",SRC-WDI-001,API observation,"KOR/EG.ELC.ACCS.ZS?date=2020:2020; value 100",direct dataset,H,,APPROVED,SRC-001,2026-10-04,South Korea,8 Electricity access,2020,percent of population,
KOR-ELC-1970N,,"Rural electrification reached about 100% by the late 1970s",,,"No Korean source locator supplied",historical assertion,L,,UNRESOLVED,SRC-001,2026-10-04,South Korea,8 Electricity access,late 1970s,percent,Needs original programme statistics
KOR-INF-2020,,"Korea's informal economy was about 22.5% of GDP in 2020",SRC-OECD-KOR20-001;SRC-MEDINA18-001,OECD report search and IMF appendix,"OECD report does not contain claim; 22.5 corresponds to a model estimate around 2014, not 2020",wrong-year/model estimate,L,"Newer estimates differ materially",REJECTED,SRC-001,2026-10-04,South Korea,9 Informality,2020,percent of GDP,Wrong year and incomparable to Ghana employment share
KOR-WGI-RL20,,"Korea Rule of Law estimate was about 1.15 in 2020",SRC-WGI26-001,rl sheet,"KOR; 2020; estimate 1.1612116; 90% CI 0.9043354 to 1.4180878",direct dataset,H,,APPROVED,SRC-001,2026-10-04,South Korea,10 Governance,2020,standard-normal estimate,Use 1.16 under current release
KOR-WGI-GE20,,"Korea Government Effectiveness estimate was about 1.13 in 2020",SRC-WGI26-001,ge sheet,"KOR; 2020; estimate 1.5408948; 90% CI 1.15916 to 1.9226296",direct dataset,H,"Old mirror/release differs materially",REVISION_REQUIRED,SRC-001,2026-10-04,South Korea,10 Governance,2020,standard-normal estimate,Use current official 1.54 and interval
KOR-WGI-PCTL,,"Korea was around the 87th–90th percentile in 2020 on Rule of Law and Government Effectiveness",SRC-WGI26-001,Official workbook,"2026 release now publishes absolute 0-100 scores rather than the old percentile field; exact old-release percentile not frozen",old-release assertion,M,,REVISION_REQUIRED,SRC-001,2026-10-04,South Korea,10 Governance,2020,percentile,Do not mix releases/scales
PAIR-WGI-2020,,"The 2020 Rule of Law gap between Ghana and Korea was about one point",SRC-WGI26-001,rl sheet,"1.1612116 - 0.0930935 = 1.0681181",derived comparison,H,,APPROVED,SRC-001,2026-10-04,Ghana and South Korea,10 Governance,2020,standard-normal estimate,Report uncertainty; composite perception indicator is not direct institutional trust
KOR-GDP-5PCT,,"Korea's 1960 GDP per capita was about 5% below Ghana's",SRC-WDI-001,Derived,"(1037.72899231615 / 1100.76305218242 - 1) * 100 = -5.726%",derived comparison,H,,APPROVED,SRC-001,2026-10-04,South Korea,1 GDP per capita,1960,percent difference,Rounded phrase slightly understates 5.7%
KOR-PROD-1960N,,"Bank of Korea accounts suggest 1960 labour productivity was about one-quarter of the 1991 level",,,"No exact publication, table, calculation, or definition supplied",historical assertion,L,,UNRESOLVED,SRC-001,2026-10-04,South Korea,2 Labour productivity,1960,ratio,Not comparable until source and price basis are identified
GHA-INF-2020N,,"Ghana's 2020 informal employment was about 80% or more",,,"Country file supplies no 2020 observation or reproducible query",narrative estimate,L,"2013 ILO brief gives 92.1%; 2015 LFS gives 78.1%; definitions/years differ",UNRESOLVED,SRC-001,2026-10-04,Ghana,9 Informality,2020,percent of employment,Do not infer a 2020 value from other years
GHA-ELC-H04B,,"The 2000–2020 electricity-access increase was one of the sharpest in the six-country sample",SRC-WDI-001,Comparison not run,"Only Ghana's increase was verified in SRC-001",comparative ranking,L,,UNRESOLVED,SRC-001,2026-10-04,Ghana,Headline 4,2000-2020,percentage-point change,Requires all six country series on matched years
KOR-LIT-CAUSAL,,"The 1960 literacy gap is the strongest single explanatory variable in the paired development story",SRC-WB-KOR-ED23-001;SRC-GHA-CENSUS60-001,No causal test,"Historical levels alone do not establish explanatory strength relative to institutions, policy, war, aid, or other factors",causal interpretation,L,,UNRESOLVED,SRC-001,2026-10-04,South Korea,Headline 2,1960,,Rewrite as a descriptive contrast or provide comparative causal evidence
