source_id,author,year,title,container,publisher,doi,url,access_date,source_type,source_tier,apa7_reference,narrative_citation,parenthetical_citation,exact_locator,verification_status,owner,notes
SRC-WDI-001,World Bank,2026,World Development Indicators,World Development Indicators,World Bank,,https://databank.worldbank.org/source/world-development-indicators,2026-10-04,dataset,authoritative,"World Bank. (2026). World Development Indicators [Data set]. Retrieved October 4, 2026, from https://databank.worldbank.org/source/world-development-indicators",World Bank (2026),"(World Bank, 2026)","Indicators API v2; source=2; country=GHA or KOR; indicator codes and years are recorded per claim; JSON responses independently downloaded 2026-10-04",VERIFIED,SRC-001,"Dynamic dataset; values can be revised. API documentation confirms programmatic access to WDI."
SRC-MPD23-001,"Bolt, Jutta; van Zanden, Jan Luiten",2024,Maddison Project Database 2023,DataverseNL,University of Groningen,https://doi.org/10.34894/INZBF2,https://doi.org/10.34894/INZBF2,2026-10-04,dataset,authoritative,"Bolt, J., & van Zanden, J. L. (2024). Maddison Project Database 2023 [Data set]. DataverseNL. https://doi.org/10.34894/INZBF2",Bolt and van Zanden (2024),"(Bolt & van Zanden, 2024)","Official workbook mpd2023_web.xlsx; Full data sheet; countrycode GHA/KOR; years 1960, 1990, 2020; variable gdppc (2011 international dollars)",VERIFIED,SRC-001,"The official page requires citing original country papers when graphing fewer than 12 countries; those citations remain to be extracted from the workbook Sources sheet before publication."
SRC-WGI26-001,World Bank,2026,Worldwide Governance Indicators: 2026 update,Worldwide Governance Indicators,World Bank,,https://www.worldbank.org/en/publication/worldwide-governance-indicators,2026-10-04,dataset,authoritative,"World Bank. (2026). Worldwide Governance Indicators: 2026 update [Data set]. Retrieved October 4, 2026, from https://www.worldbank.org/en/publication/worldwide-governance-indicators",World Bank (2026),"(World Bank, 2026)","Official workbook wgidataset_with_sourcedata-2026.xlsx; sheets rl and ge; Economy codes GHA/KOR; years 1998, 2000, 2020; columns Governance estimate and 90% confidence bounds",VERIFIED,SRC-001,"This release supersedes older releases and recalculates the historical series. WGI is perception-based and estimates include uncertainty intervals."
SRC-WITS-GHA20-001,World Bank,n.d.,Ghana product exports 2020,World Integrated Trade Solution,World Bank,,https://wits.worldbank.org/CountryProfile/en/Country/GHA/Year/2020/TradeFlow/Export/Partner/WLD/Product/All-Groups/Show/RCA%3BWRLD-GRWTH%3BCNTRY-GRWTH%3B/Sort/Product%20Group,2026-10-04,dataset interface,authoritative,"World Bank. (n.d.). Ghana product exports 2020 [Data set]. World Integrated Trade Solution. Retrieved October 4, 2026, from https://wits.worldbank.org/CountryProfile/en/Country/GHA/Year/2020/TradeFlow/Export/Partner/WLD/Product/All-Groups/Show/RCA%3BWRLD-GRWTH%3BCNTRY-GRWTH%3B/Sort/Product%20Group",World Bank (n.d.),"(World Bank, n.d.)","Reporter GHA; year 2020; flow exports; partner WLD; product All-Groups; reported data; UN Comtrade via WITS",PARTIAL,SRC-001,"Original interface opened, but the country file does not record a reproducible product-code aggregation and the 83.4% figure is not supported for 2020."
SRC-WITS-KOR20-001,World Bank,n.d.,Korea Republic trade summary 2020,World Integrated Trade Solution,World Bank,,https://wits.worldbank.org/CountryProfile/en/Country/KOR/Year/2020/Summarytext,2026-10-04,dataset interface,authoritative,"World Bank. (n.d.). Korea, Republic: Trade summary 2020 [Data set]. World Integrated Trade Solution. Retrieved October 4, 2026, from https://wits.worldbank.org/CountryProfile/en/Country/KOR/Year/2020/Summarytext",World Bank (n.d.),"(World Bank, n.d.)","Reporter KOR; year 2020; UN Comtrade; HS 1988/92; total exports US$512,419 million; top HS6 products listed on summary",PARTIAL,SRC-001,"Original WITS/UN Comtrade summary opened. It confirms product identities but not the country file's three HS2 aggregate percentages without a saved aggregation query."
SRC-GSS-TRADE24-001,Ghana Statistical Service,2025,2024 trade report,Trade Statistics,Ghana Statistical Service,,https://statsghana.gov.gh/gssmain/fileUpload/Trade/2024_Trade_Full_Year_Report-_25-02-2025_Final_Print.pdf,2026-10-04,government report,authoritative,"Ghana Statistical Service. (2025). 2024 trade report. https://statsghana.gov.gh/gssmain/fileUpload/Trade/2024_Trade_Full_Year_Report-_25-02-2025_Final_Print.pdf",Ghana Statistical Service (2025),"(Ghana Statistical Service, 2025)","Executive summary and section 3.1; gold 55.3%, mineral fuels and oils 18.4%, cocoa beans and products 9.7%; combined 83.4% in 2024",VERIFIED,SRC-001,"Valid source, wrong year for the 2020 cell. A Ghana News Agency story is only a secondary report of this 2024 release."
SRC-KIM1971-001,"Kim, Hyong Chun",1971,"Korea's export success, 1960–69",Finance & Development,International Monetary Fund,https://doi.org/10.5089/9781616353025.022.A003,https://doi.org/10.5089/9781616353025.022.A003,2026-10-04,journal article,institutional primary compilation,"Kim, H. C. (1971). Korea's export success, 1960–69. Finance & Development, 8(1), 14–21. https://doi.org/10.5089/9781616353025.022.A003",Kim (1971),"(Kim, 1971)","Table 1, pp. 16–17: 1960 commodity exports US$32.8m; primary products US$28.3m (86.3%); manufactured goods US$4.5m (13.7%); table source Bank of Korea Monthly Economic Statistics",VERIFIED,SRC-001,"Supports a stronger and more precise 1960 split than the country file's >70%/<30% statement."
SRC-GHA-PLAN64-001,Government of Ghana,1964,Seven-year development plan 1963/64 to 1969/70,Government plan,Government of Ghana,,https://ndpc.gov.gh/media/Ghana_7_Year_Development_Plan_1963-4_1969-70_1964.pdf,2026-10-04,government report,primary,"Government of Ghana. (1964). Seven-year development plan 1963/64 to 1969/70. https://ndpc.gov.gh/media/Ghana_7_Year_Development_Plan_1963-4_1969-70_1964.pdf",Government of Ghana (1964),"(Government of Ghana, 1964)","Foreign Trade and Payments chapter, PDF p. 224: roughly 60% of export income from cocoa and cocoa products; cocoa prices and production for 1959–1962",VERIFIED,SRC-001,"Contradicts the country file's cocoa ~45% in 1960. Full report is large but original PDF and relevant passage were opened."
SRC-IMF-GHA00-001,International Monetary Fund,2000,Ghana: Selected issues,IMF Staff Country Report,International Monetary Fund,,https://www.elibrary.imf.org/view/journals/002/2000/002/article-A001-en.xml,2026-10-04,staff country report,institutional,"International Monetary Fund. (2000). Ghana: Selected issues (IMF Staff Country Report No. 00/2). https://www.elibrary.imf.org/view/journals/002/2000/002/article-A001-en.xml",International Monetary Fund (2000),"(International Monetary Fund, 2000)","Export-sector discussion: cocoa about 70% of exports in the 1950s/1960s; cocoa more than one-third at start of 1990s; gold 35% by 1994; cocoa, gold, timber and aluminum about 90% before early 1990s",VERIFIED,SRC-001,"Supports broad structure, not the exact 1990 ~40/~30/~75 row as written."
SRC-ILO-GHA23-001,"O'Higgins, Niall; Karkee, Vipasana; Levina, Karina; Cuautle Segovia, Marcelo; Barford, Anna",2023,ILO youth country briefs: Ghana,ILO Brief,International Labour Organization,,https://www.ilo.org/sites/default/files/wcmsp5/groups/public/%40ed_emp/documents/publication/wcms_886402.pdf,2026-10-04,policy brief,authoritative,"O'Higgins, N., Karkee, V., Levina, K., Cuautle Segovia, M., & Barford, A. (2023). ILO youth country briefs: Ghana. International Labour Organization. https://www.ilo.org/sites/default/files/wcmsp5/groups/public/%40ed_emp/documents/publication/wcms_886402.pdf",O'Higgins et al. (2023),"(O'Higgins et al., 2023)","PDF p. 4: 2013 informal employment all workers 92.1%; men 88.8%; women 95.2%; youth total 94.2%; youth men 93.4%; youth women 95.1%",VERIFIED,SRC-001,"The country file mislabels the all-worker sex rates as youth rates and omits the 2013 observation year."
SRC-GSS-LFS15-001,Ghana Statistical Service,2016,2015 labour force report,Labour Force Survey,Ghana Statistical Service,,https://www2.statsghana.gov.gh/docfiles/publications/Labour_Force/LFS%20REPORT_fianl_21-3-17.pdf,2026-10-04,government report,primary,"Ghana Statistical Service. (2016). 2015 labour force report. https://www2.statsghana.gov.gh/docfiles/publications/Labour_Force/LFS%20REPORT_fianl_21-3-17.pdf",Ghana Statistical Service (2016),"(Ghana Statistical Service, 2016)","National LFS 2015; informal employment total 78.1% as reported in derivative literature; exact table/page must be re-opened in original PDF before approval",PARTIAL,SRC-001,"Official URL recorded, but original table was not accessible in this pass. Keep revision-required until exact locator is captured."
SRC-OECD-KOR20-001,Organisation for Economic Co-operation and Development,2020,OECD economic surveys: Korea 2020,OECD Economic Surveys,OECD Publishing,https://doi.org/10.1787/2dde9480-en,https://doi.org/10.1787/2dde9480-en,2026-10-04,report,authoritative,"Organisation for Economic Co-operation and Development. (2020). OECD economic surveys: Korea 2020. OECD Publishing. https://doi.org/10.1787/2dde9480-en",Organisation for Economic Co-operation and Development (2020),"(Organisation for Economic Co-operation and Development, 2020)","Full 128-page report searched for 'informal economy', 'shadow economy', and '22.5'; no supporting occurrence",VERIFIED_NOT_SUPPORTING,SRC-001,"Valid source but rejected as evidence for Korea informal economy = 22.5% of GDP."
SRC-MEDINA18-001,"Medina, Leandro; Schneider, Friedrich",2018,Shadow economies around the world: What did we learn over the last 20 years?,IMF Working Papers,International Monetary Fund,https://doi.org/10.5089/9781484338636.001,https://doi.org/10.5089/9781484338636.001,2026-10-04,working paper,academic/institutional,"Medina, L., & Schneider, F. (2018). Shadow economies around the world: What did we learn over the last 20 years? (IMF Working Paper No. 18/17). International Monetary Fund. https://doi.org/10.5089/9781484338636.001",Medina and Schneider (2018),"(Medina & Schneider, 2018)","Appendix table for Korea, annual model estimates through 2015; 22.5% corresponds to 2014 in later extension/corroborating table, not 2020",PARTIAL,SRC-001,"Model-based shadow-economy share is not the same construct as survey-based informal-employment share. The country file's year is wrong."
SRC-WB-KOR-ED23-001,World Bank,2023,Republic of Korea: Systematic country diagnostic update,World Bank report,World Bank,,https://documents1.worldbank.org/curated/en/099081723222522546/pdf/P17443502632aa05f088b70859849e492f7.pdf,2026-10-04,report,authoritative,"World Bank. (2023). Republic of Korea: Systematic country diagnostic update. https://documents1.worldbank.org/curated/en/099081723222522546/pdf/P17443502632aa05f088b70859849e492f7.pdf",World Bank (2023),"(World Bank, 2023)","Education discussion: 1960 literacy 71% versus expected 31%, citing Rodrik (1995); document also reports illiteracy decline from 78.2% in 1948 to 4.1% in 1958",PARTIAL,SRC-001,"Authoritative corroboration, but not original statistical source and not the UNESCO EFA item cited in the country file."
SRC-WDR80-001,World Bank,1980,World Development Report 1980,World Development Report,Oxford University Press,,https://openknowledge.worldbank.org/handle/10986/5963,2026-10-04,report,authoritative,"World Bank. (1980). World Development Report 1980. Oxford University Press. https://openknowledge.worldbank.org/handle/10986/5963",World Bank (1980),"(World Bank, 1980)","Adult literacy table reproduced in later institutional material: Korea 71% in 1960 and 93% in 1975; original table/page still requires direct inspection",PARTIAL,SRC-001,"Candidate underlying source for Korea's 1960 literacy figure. Not directly opened to exact page in this pass."
SRC-GHA-CENSUS60-001,Ghana Census Office,1960,Population census 1960,Ghana Microdata Catalog,Ghana Census Office,,https://www2.statsghana.gov.gh/nada/index.php/catalog/34,2026-10-04,census metadata,primary,"Ghana Census Office. (1960). Population census 1960 [Data set]. Ghana Statistical Service. https://www2.statsghana.gov.gh/nada/index.php/catalog/34",Ghana Census Office (1960),"(Ghana Census Office, 1960)","Catalog ID GHA_1960_PHC_v01_M; catalog confirms census existence and producer but does not expose an adult-literacy table supporting ~25%",PARTIAL,SRC-001,"The 25% figure remains secondary and definition-sensitive until the census volume/table is opened."
SRC-KOR-EMP63-001,Republic of Korea Economic Planning Board,1982,Employment by sectors 1963–81,Handbook of Korean economy 1982,Government of the Republic of Korea,,https://archive.unu.edu/unupress/unupbooks/uu04te/uu04te0e.htm,2026-10-04,historical statistical table,primary-derived,"Republic of Korea Economic Planning Board. (1982). Employment by sectors, 1963–81. In Handbook of Korean economy 1982. Government of the Republic of Korea. https://archive.unu.edu/unupress/unupbooks/uu04te/uu04te0e.htm",Republic of Korea Economic Planning Board (1982),"(Republic of Korea Economic Planning Board, 1982)","Table 3-5: 1963 employed population 100.0; agriculture/forestry/fishery 63.1; mining/quarrying/manufacturing 8.7; services 28.2",VERIFIED,SRC-001,"The country file's 61/9/30 values do not match this table."
SRC-AFRO-BWA21-001,Afrobarometer,2021,Botswana Round 8: Summary of results,Afrobarometer survey report,Afrobarometer,,https://www.afrobarometer.org/wp-content/uploads/2022/02/afrobarometer_sor_bot_r8_en_2019-12-17.pdf,2026-10-06,survey report,authoritative,"Afrobarometer. (2021). Botswana Round 8: Summary of results [Survey report]. https://www.afrobarometer.org/wp-content/uploads/2022/02/afrobarometer_sor_bot_r8_en_2019-12-17.pdf",Afrobarometer (2021),"(Afrobarometer, 2021)","Sampling/method pp. 1-2; Q41I p. 50 total column; unequal treatment p. 40; original 83-page PDF opened",VERIFIED,SRC-002,"2019 fieldwork; 1200 adults; +/-3 percentage points. Direct institutional trust is not generalized trust or performance."
SRC-HILLBOM14-001,"Hillbom, Ellen",2014,"Cattle, diamonds and institutions: Main drivers of Botswana's economic development, 1850 to present",Journal of International Development,Wiley,https://doi.org/10.1002/jid.2957,https://doi.org/10.1002/jid.2957,2026-10-06,journal article,peer-reviewed,"Hillbom, E. (2014). Cattle, diamonds and institutions: Main drivers of Botswana's economic development, 1850 to present. Journal of International Development, 26(2), 155-176. https://doi.org/10.1002/jid.2957",Hillbom (2014),"(Hillbom, 2014)","pp. 155-176; DOI landing record; argument explicitly spans institutions, factor endowments, geography, and three historical periods",VERIFIED,SRC-002,"Final journal record verified; full text may require subscription. Used for multi-causal interpretation, not numeric cells."
SRC-IMF-BWA98-001,International Monetary Fund,1998,Botswana: Selected issues and statistical appendix,IMF Staff Country Report,International Monetary Fund,,https://www.imf.org/-/media/websites/imf/imported-full-text-pdf/external/pubs/ft/scr/1998/_cr9839.pdf,2026-10-06,staff country report,institutional primary compilation,"International Monetary Fund. (1998). Botswana: Selected issues and statistical appendix (IMF Staff Country Report No. 98/39). https://www.imf.org/-/media/websites/imf/imported-full-text-pdf/external/pubs/ft/scr/1998/_cr9839.pdf",International Monetary Fund (1998),"(International Monetary Fund, 1998)","Table 4: 1990 diamonds US$1405.1m; nondiamond US$379.3m; copper-nickel US$145.8m; textiles US$60.1m; total US$1784.4m",VERIFIED,SRC-002,"Shares are author calculations from published values; historical categories differ from the 2020 national table."
SRC-MAIPOSE08-001,"Maipose, Gervase S.",2008,Policy and institutional dynamics of sustained development in Botswana,Commission on Growth and Development Working Paper,World Bank,,https://documents.worldbank.org/curated/en/364701468330906042/pdf/577340NWP0Box353767B01PUBLIC10gcwp035web.pdf,2026-10-06,working paper,institutional,"Maipose, G. S. (2008). Policy and institutional dynamics of sustained development in Botswana (Commission on Growth and Development Working Paper No. 35). World Bank. https://documents.worldbank.org/curated/en/364701468330906042/pdf/577340NWP0Box353767B01PUBLIC10gcwp035web.pdf",Maipose (2008),"(Maipose, 2008)","pp. 3-5 and 8-11; independence conditions, mineral rights, customs revenue, De Beers partnership, planning and saving; original PDF opened",VERIFIED,SRC-002,"Historical synthesis; several independence figures are reported rather than reproduced from an underlying statistical yearbook."
SRC-SB-IND16-001,Statistics Botswana,2016,Selected statistical indicators 1966-2016,Selected statistical indicators,Statistics Botswana,,https://www.statsbots.org.bw/sites/default/files/documents/1966sept%20selected%20indicators.pdf,2026-10-06,government statistical report,authoritative,"Statistics Botswana. (2016). Selected statistical indicators 1966-2016. https://www.statsbots.org.bw/sites/default/files/documents/1966sept%20selected%20indicators.pdf",Statistics Botswana (2016),"(Statistics Botswana, 2016)","Table 35 p. 69: literacy ages 15-65; 1991 total 67.3%; 2014 total 90.0%; original PDF opened",VERIFIED,SRC-002,"Age range differs from WDI/UIS ages 15+; 2014 is outside the +/-3-year 2020 window."
SRC-SB-LFS20-001,Statistics Botswana,2020,Quarterly multi-topic survey: Labour force module report quarter 4 2019,Quarterly Multi-Topic Survey,Statistics Botswana,,https://www.statsbots.org.bw/sites/default/files/publications/Multi%20Topic%20Survey%20Q4%20Labour%20Force%20Module%20Report_0.pdf,2026-10-06,government survey report,authoritative,"Statistics Botswana. (2020). Quarterly multi-topic survey: Labour force module report, quarter 4: 2019. https://www.statsbots.org.bw/sites/default/files/publications/Multi%20Topic%20Survey%20Q4%20Labour%20Force%20Module%20Report_0.pdf",Statistics Botswana (2020),"(Statistics Botswana, 2020)","Table 1.0 p. 4 (PDF p. 8): formal-sector employment 485524 and employed 742378; pp. 33-35 narrower jobs concept; p. 64 definition; original PDF opened",PARTIAL,SRC-002,"Internal concepts conflict. The 65.4% calculation is reproducible, but no residual informal-employment claim is approved."
SRC-SB-TRADE21-001,Statistics Botswana,2021,International merchandise trade statistics: Monthly digest-December 2020,International Merchandise Trade Statistics,Statistics Botswana,,https://www.statsbots.org.bw/sites/default/files/publications/International%20Merchandise%20Trade%20Statistics%20December%20%20Monthly%20Digest%20%20December%202020.pdf,2026-10-06,government statistical report,authoritative,"Statistics Botswana. (2021). International merchandise trade statistics: Monthly digest-December 2020. https://www.statsbots.org.bw/sites/default/files/publications/International%20Merchandise%20Trade%20Statistics%20December%20%20Monthly%20Digest%20%20December%202020.pdf",Statistics Botswana (2021),"(Statistics Botswana, 2021)","Table 2.2 p. 14; Total_2020 and percentage-distribution rows; total exports P48180.3m; diamonds 88.2%; machinery/electrical 3.4%; salt/soda ash 1.5%; original PDF opened",VERIFIED,SRC-002,"National principal groups and diamond re-exports are not directly comparable with IMF 1990 categories."
SRC-WB-BWA23-001,World Bank,2023,Botswana systematic country diagnostic update: At a crossroads-Reigniting efficient and inclusive growth,Systematic Country Diagnostic,World Bank,,https://documents1.worldbank.org/curated/en/099112023112034378/pdf/BOSIB156106b900661a7d8168fe9cad99f2.pdf,2026-10-06,report,authoritative,"World Bank. (2023). Botswana systematic country diagnostic update: At a crossroads-Reigniting efficient and inclusive growth. https://documents1.worldbank.org/curated/en/099112023112034378/pdf/BOSIB156106b900661a7d8168fe9cad99f2.pdf",World Bank (2023),"(World Bank, 2023)","pp. xi-xii; 2-7; 13; 28-31; growth, electricity, inequality, diversification, micro/small services and policy constraints; original PDF opened",VERIFIED,SRC-002,"Diagnostic synthesis; causal conclusions remain multi-factor and conditional."
SRC-MUS-CSO90-001,Central Statistical Office,1990,Digest of external trade statistics: First semester 1990,Digest of External Trade Statistics,Government of Mauritius,,https://statsmauritius.govmu.org/Documents/Statistics/Digests/External_Trade/Digest_Ext_Trade_1Sem90.pdf,2026-10-06,government statistical report,authoritative,"Central Statistical Office. (1990). Digest of external trade statistics: First semester 1990. Government of Mauritius. https://statsmauritius.govmu.org/Documents/Statistics/Digests/External_Trade/Digest_Ext_Trade_1Sem90.pdf",Central Statistical Office (1990),"(Central Statistical Office, 1990)","Table 6 p. 5; first-two-quarter SITC values divided by total exports Rs7529m",PARTIAL,SRC-002,"Official URL timed out during SRC-002 re-check; DATA-003 records prior opening. Half-year proxy and category/coverage limitations remain."
SRC-GOVMU-HIST-001,Government of Mauritius,n.d.,Republic of Mauritius: History,Government of Mauritius,Government of Mauritius,,https://www.govmu.org/EN/Pages/exploremauritius.aspx,2026-10-06,government web page,primary institutional,"Government of Mauritius. (n.d.). Republic of Mauritius: History. Retrieved October 6, 2026, from https://www.govmu.org/EN/Pages/exploremauritius.aspx",Government of Mauritius (n.d.),"(Government of Mauritius, n.d.)","History page sections on French/British rule, slavery and indenture; original dynamic page opened",VERIFIED,SRC-002,"General history page; use more precise archival/report sources for quantitative claims."
SRC-MUS-ARCH-001,National Archives Department,n.d.,Pre-independence Mauritius,National Archives Department,Government of Mauritius,,https://nationalarchives.govmu.org/nationalarchives/?page_id=2284,2026-10-06,government archival web page,primary institutional,"National Archives Department. (n.d.). Pre-independence Mauritius. Government of Mauritius. Retrieved October 6, 2026, from https://nationalarchives.govmu.org/nationalarchives/?page_id=2284",National Archives Department (n.d.),"(National Archives Department, n.d.)","Sections The Economy and Independence; sugar above 95% of export earnings; independence 12 March 1968; original page opened",VERIFIED,SRC-002,"Dynamic web page; quantitative claim is archival synthesis rather than a linked table."
SRC-SM-KILM19-001,Statistics Mauritius,2019,Key indicators of the labour market 2011-2019,Key Indicators of the Labour Market,Government of Mauritius,,https://statsmauritius.govmu.org/Documents/Statistics/By_Subject/Labour/KILM_Yr11-19.pdf,2026-10-06,government statistical report,authoritative,"Statistics Mauritius. (2019). Key indicators of the labour market, 2011-2019. Government of Mauritius. https://statsmauritius.govmu.org/Documents/Statistics/By_Subject/Labour/KILM_Yr11-19.pdf",Statistics Mauritius (2019),"(Statistics Mauritius, 2019)","KILM 8: informal-economy indicators not compiled",PARTIAL,SRC-002,"Official source identified but did not reopen in SRC-002. Supports absence, not a numeric 2020 informality value."
SRC-SM-TRADE22-001,Statistics Mauritius,2022,External merchandise trade statistics: 4th quarter and year 2021,Economic and Social Indicators,Government of Mauritius,,https://statsmauritius.govmu.org/Documents/Statistics/ESI/2022/EI1632/Ext_Trade_4Qtr21_250222.pdf,2026-10-06,government statistical report,authoritative,"Statistics Mauritius. (2022). External merchandise trade statistics: 4th quarter and year 2021 [Economic and Social Indicators]. Government of Mauritius. https://statsmauritius.govmu.org/Documents/Statistics/ESI/2022/EI1632/Ext_Trade_4Qtr21_250222.pdf",Statistics Mauritius (2022),"(Statistics Mauritius, 2022)","Table 3 pp. 10-11; 2020 SITC values Rs23175m food/live animals; Rs20589m miscellaneous manufactures; Rs8603m manufactured goods by material; total Rs60427m",PARTIAL,SRC-002,"Official URL timed out during SRC-002 re-check; DATA-003 records prior opening. Denominator excludes ships' stores/bunkers and merchandise omits services."
SRC-AFRO-MUS21-001,"Stuurman, Zaynab; Peeraullee, Shabneez",2021,Mauritians' demand for democracy remains high despite waning quality,Afrobarometer Dispatch,Afrobarometer,,https://www.afrobarometer.org/wp-content/uploads/2022/02/ad457-mauritians_demand_democracy_but_supply_falls_short-afrobarometer_dispatch-10june21.pdf,2026-10-06,survey report,authoritative,"Stuurman, Z., & Peeraullee, S. (2021, June 10). Mauritians' demand for democracy remains high despite waning quality (Afrobarometer Dispatch No. 457). Afrobarometer. https://www.afrobarometer.org/wp-content/uploads/2022/02/ad457-mauritians_demand_democracy_but_supply_falls_short-afrobarometer_dispatch-10june21.pdf",Stuurman and Peeraullee (2021),"(Stuurman & Peeraullee, 2021)","pp. 2 and 9; Figure 14; 2020 survey n=1200 and named-institution trust percentages; original 16-page PDF opened",VERIFIED,SRC-002,"Direct political-institution trust only; not generalized or business trust."
SRC-IMF-MUS14-001,"Svirydzenka, Katsiaryna; Petri, Martin",2014,Mauritius: The drivers of growth-Can the past be extended?,IMF Working Paper,International Monetary Fund,,https://www.imf.org/external/pubs/ft/wp/2014/wp14134.pdf,2026-10-06,working paper,institutional,"Svirydzenka, K., & Petri, M. (2014). Mauritius: The drivers of growth-Can the past be extended? (IMF Working Paper No. 14/134). International Monetary Fund. https://www.imf.org/external/pubs/ft/wp/2014/wp14134.pdf",Svirydzenka and Petri (2014),"(Svirydzenka & Petri, 2014)","pp. 5-8; p. 12; p. 17 note 13; sugar rents/preferences, EPZ, institutions/networks, self-employment and policy continuity; original PDF opened",VERIFIED,SRC-002,"Analytical working paper; mechanisms are not isolated causal estimates."
SRC-UIS26-001,UNESCO Institute for Statistics,2026,UIS Data Browser,UIS Data Browser,UNESCO Institute for Statistics,,https://databrowser.uis.unesco.org/,2026-10-06,dataset,authoritative,"UNESCO Institute for Statistics. (2026). UIS Data Browser [Data set]. Retrieved October 6, 2026, from https://databrowser.uis.unesco.org/",UNESCO Institute for Statistics (2026),"(UNESCO Institute for Statistics, 2026)","Adult literacy indicator SE.ADT.LITR.ZS distributed through WDI; country/year API locators are recorded per claim",VERIFIED,SRC-002,"Dynamic dataset; freeze exact extraction. WDI serves the observations used here."
SRC-UNESCO-MUS06-001,UNESCO World Heritage Centre,2006,Aapravasi Ghat Mauritius: Advisory body evaluation,World Heritage nomination evaluation,UNESCO World Heritage Centre,,https://whc.unesco.org/archive/advisory_body_evaluation/1227.pdf,2026-10-06,heritage evaluation,authoritative,"UNESCO World Heritage Centre. (2006). Aapravasi Ghat (Mauritius): Advisory body evaluation (No. 1227). https://whc.unesco.org/archive/advisory_body_evaluation/1227.pdf",UNESCO World Heritage Centre (2006),"(UNESCO World Heritage Centre, 2006)","Historical description of indentured labour migration and site context",PARTIAL,SRC-002,"Authoritative heritage evaluation; contextual rather than economic statistical evidence."
SRC-WB-MUS97-001,World Bank,1997,Mauritius country assistance strategy,Country Assistance Strategy,World Bank,,https://documents1.worldbank.org/curated/en/182011468051286347/pdf/multi-page.pdf,2026-10-06,report,authoritative,"World Bank. (1997). Mauritius country assistance strategy (Report No. 16426-MAS). https://documents1.worldbank.org/curated/en/182011468051286347/pdf/multi-page.pdf",World Bank (1997),"(World Bank, 1997)","Executive Summary pp. 1-2; sugar/export change 1970-1996; EPZ employment; tourism; competitiveness warnings; original PDF opened",VERIFIED,SRC-002,"Historical diagnostic; 1970 is a distant proxy for 1960."
SRC-WB-MUS19-001,World Bank,2019,Job creation and labor productivity in Mauritius,World Bank report,World Bank,,https://documents1.worldbank.org/curated/en/181521561655338668/pdf/Job-Creation-and-Labor-Productivity-in-Mauritius.pdf,2026-10-06,report,authoritative,"World Bank. (2019). Job creation and labor productivity in Mauritius. https://documents1.worldbank.org/curated/en/181521561655338668/pdf/Job-Creation-and-Labor-Productivity-in-Mauritius.pdf",World Bank (2019),"(World Bank, 2019)","pp. 14-15 Figures 2.11-2.14 and Box 2.1; pp. 16-18; 2013 informal-firm shares and reform/productivity discussion; original PDF opened",VERIFIED,SRC-002,"2013 establishment evidence is a seven-year-distant proxy and is not worker-level informality."
SRC-WGI25-001,World Bank,2025,Worldwide Governance Indicators: 2025 revision,Worldwide Governance Indicators,World Bank,,https://www.worldbank.org/en/publication/worldwide-governance-indicators,2026-10-06,dataset,authoritative,"World Bank. (2025). Worldwide Governance Indicators: 2025 revision [Data set]. https://www.worldbank.org/en/publication/worldwide-governance-indicators",World Bank (2025),"(World Bank, 2025)","2025-release/API values cited by country files for BWA/MUS/MYS/PHL 2020 RL.EST and GE.EST",PARTIAL,SRC-002,"Superseded by SRC-WGI26-001. Historical estimates were recalculated; do not mix releases."
SRC-XENOS70-001,"Xenos, Christos",1970,Country profiles: Mauritius,Country Profiles,Population Council and Columbia University,,https://files.eric.ed.gov/fulltext/ED088665.pdf,2026-10-06,country profile,institutional historical,"Xenos, C. (1970, September). Country profiles: Mauritius. Population Council & International Institute for the Study of Human Reproduction, Columbia University. https://files.eric.ed.gov/fulltext/ED088665.pdf",Xenos (1970),"(Xenos, 1970)","pp. 1 and 3; sugar/export dependence, 1960 cyclone, 1962 census literacy ages 5+, urban-boundary caveat; original PDF opened",VERIFIED,SRC-002,"Contemporary profile; literacy denominator is incompatible with adult 15+ series."
SRC-WB-MYS24-001,"Asadullah, M. Niaz; Biradavolu, Monica; Rao, Vijayendra; Simler, Kenneth",2024,Is there an underside to economic growth? A mixed-methods analysis of Malaysia,Policy Research Working Paper,World Bank,,https://documents1.worldbank.org/curated/en/099649211052419488/pdf/IDU1e5ec068a1bdcf14e16196dd13b21f74755c6.pdf,2026-10-06,working paper,institutional,"Asadullah, M. N., Biradavolu, M., Rao, V., & Simler, K. (2024). Is there an underside to economic growth? A mixed-methods analysis of Malaysia (Policy Research Working Paper No. 10968). World Bank. https://documents1.worldbank.org/curated/en/099649211052419488/pdf/IDU1e5ec068a1bdcf14e16196dd13b21f74755c6.pdf",Asadullah et al. (2024),"(Asadullah et al., 2024)","pp. 1-3 and 9-16; NEP, colonial segmentation, poverty/distribution and contemporary strain; original 68-page PDF opened",VERIFIED,SRC-002,"Mixed-methods analysis; does not isolate one policy or cultural cause."
SRC-DOSM-INF20-001,Department of Statistics Malaysia,2020,Informal sector work force survey report Malaysia 2019,Department of Statistics Malaysia release,Department of Statistics Malaysia,,https://www.dosm.gov.my/portal-main/release-content/informal-sector-work-force-survey-report-malaysia-2019,2026-10-06,government statistical release,authoritative,"Department of Statistics Malaysia. (2020, July 23). Informal sector work force survey report, Malaysia, 2019. https://www.dosm.gov.my/portal-main/release-content/informal-sector-work-force-survey-report-malaysia-2019",Department of Statistics Malaysia (2020),"(Department of Statistics Malaysia, 2020)","Overview; Chart 1; Exhibit 3: 1.26m and 8.3%; employment-status shares; original release page opened",VERIFIED,SRC-002,"Excludes agriculture and measures employment in informal-sector enterprises, not all informal employment."
SRC-DOSM-TRADE21-001,Department of Statistics Malaysia,2021,Malaysia external trade statistics bulletin December 2020,Malaysia External Trade Statistics Bulletin,Department of Statistics Malaysia,,https://www.dosm.gov.my/v1/uploads/files/1_Articles_By_Themes/External_Sector/BPPLN/12_2020/Malaysia%20External%20Trade%20Statistics%20Bulletin%2C%20December%202020.pdf,2026-10-06,government statistical report,authoritative,"Department of Statistics Malaysia. (2021, January 29). Malaysia external trade statistics bulletin, December 2020. https://www.dosm.gov.my/v1/uploads/files/1_Articles_By_Themes/External_Sector/BPPLN/12_2020/Malaysia%20External%20Trade%20Statistics%20Bulletin%2C%20December%202020.pdf",Department of Statistics Malaysia (2021),"(Department of Statistics Malaysia, 2021)","Table 2 pp. 4-5; 2020 total exports RM980988m and top SITC 3-digit product groups",PARTIAL,SRC-002,"Cited legacy PDF URL returned 404 in SRC-002; DATA-004 records prior opening. Locate current DOSM archival URL before publication."
SRC-DOSM-LIT24-001,Department of Statistics Malaysia,2024,SDG 04-6-1: Literacy and numeracy skills,OpenDOSM,Department of Statistics Malaysia,,https://open.dosm.gov.my/data-catalogue/sdg_04-6-1,2026-10-06,dataset,authoritative,"Department of Statistics Malaysia. (2024). SDG 04-6-1: Literacy and numeracy skills [Data set]. OpenDOSM. Retrieved October 6, 2026, from https://open.dosm.gov.my/data-catalogue/sdg_04-6-1",Department of Statistics Malaysia (2024),"(Department of Statistics Malaysia, 2024)","Filters Malaysia/both/age 15+/2020; literacy 95.5%; original data-catalogue page opened",VERIFIED,SRC-002,"National LFS-based series is not the same release path as WDI/UIS; retain source distinction."
SRC-DOSM-URB25-001,Department of Statistics Malaysia,2025,Evolution of urbanisation,Department of Statistics Malaysia,Department of Statistics Malaysia,,https://www.dosm.gov.my/uploads/release-content/file_20250603123420.pdf,2026-10-06,government statistical report,authoritative,"Department of Statistics Malaysia. (2025). Evolution of urbanisation. https://www.dosm.gov.my/uploads/release-content/file_20250603123420.pdf",Department of Statistics Malaysia (2025),"(Department of Statistics Malaysia, 2025)","Chart 1b: census urban shares 1970 28.4%; 1991 50.7%; 2020 75.1%",PARTIAL,SRC-002,"Cross-check only; WDI is the registered primary series for anchor claims."
SRC-FRED-MYS26-001,Federal Reserve Bank of St. Louis,2026,Constant GDP per capita for Malaysia,FRED,Federal Reserve Bank of St. Louis,,https://fred.stlouisfed.org/data/NYGDPPCAPKDMYS,2026-10-06,dataset mirror,authoritative distributor,"Federal Reserve Bank of St. Louis. (2026). Constant GDP per capita for Malaysia [Data set; World Development Indicators series NYGDPPCAPKDMYS]. FRED. Retrieved October 6, 2026, from https://fred.stlouisfed.org/data/NYGDPPCAPKDMYS",Federal Reserve Bank of St. Louis (2026),"(Federal Reserve Bank of St. Louis, 2026)","Rows 1960-01-01; 1990-01-01; 2020-01-01; underlying source WDI",PARTIAL,SRC-002,"Secondary authoritative distribution. Publication should cite and freeze the original WDI query SRC-WDI-001."
SRC-IMF-MYS99-001,International Monetary Fund,1999,Malaysia: Export diversification and the export competitiveness of the manufacturing sector,Malaysia: Selected Issues,International Monetary Fund,,https://www.elibrary.imf.org/view/journals/002/1999/086/article-A004-en.xml,2026-10-06,staff country report,institutional primary compilation,"International Monetary Fund. (1999). Malaysia: Export diversification and the export competitiveness of the manufacturing sector. In Malaysia: Selected issues (IMF Staff Country Report No. 99/86). https://www.elibrary.imf.org/view/journals/002/1999/086/article-A004-en.xml",International Monetary Fund (1999),"(International Monetary Fund, 1999)","Table IV.3 Composition of exports 1960-97; 1960 and 1990 rows",PARTIAL,SRC-002,"Publisher page blocked automated reopening in SRC-002; DATA-004 records prior opening. Historical authority-supplied categories differ from 2020 SITC."
SRC-IPSOS-MYS20-001,Ipsos,2020,Do Malaysians lack trust in government and institutions?,Ipsos Malaysia press release,Ipsos,,https://www.ipsos.com/sites/default/files/ct/news/documents/2020-01/trust_in_malaysia_-_press_release_ipsos_malaysia_-_final_-_150120.pdf,2026-10-06,commercial survey report,secondary survey,"Ipsos. (2020, January 15). Do Malaysians lack trust in government and institutions? https://www.ipsos.com/sites/default/files/ct/news/documents/2020-01/trust_in_malaysia_-_press_release_ipsos_malaysia_-_final_-_150120.pdf",Ipsos (2020),"(Ipsos, 2020)","pp. 1-3; banks 69%; business leaders 68%; original six-page PDF opened",VERIFIED,SRC-002,"Commercial survey snapshot; sampling/mode and wording prevent causal or historical cross-country use."
SRC-MODY97-001,"Mody, Ashoka",1997,Infrastructure strategies in East Asia: The untold story,World Bank Directions in Development,World Bank,,https://documents1.worldbank.org/curated/en/510051468774847688/pdf/multi-page.pdf,2026-10-06,edited report,institutional,"Mody, A. (Ed.). (1997). Infrastructure strategies in East Asia: The untold story. World Bank. https://documents1.worldbank.org/curated/en/510051468774847688/pdf/multi-page.pdf",Mody (1997),"(Mody, 1997)","Malaysia chapter electricity subsection: 80% rural households served in 1990; 92% in 1995; supply constraints; original PDF opened",VERIFIED,SRC-002,"Rural-household service is not WDI total-population access. Context only."
SRC-WB-MYS16-001,World Bank,2016,Malaysia economic monitor: The quest for productivity growth,Malaysia Economic Monitor,World Bank,,https://documents1.worldbank.org/curated/en/773621481895271934/pdf/111103-WP-PUBLIC-MEM-15-December-2016-Final.pdf,2026-10-06,report,authoritative,"World Bank. (2016). Malaysia economic monitor: The quest for productivity growth. https://documents1.worldbank.org/curated/en/773621481895271934/pdf/111103-WP-PUBLIC-MEM-15-December-2016-Final.pdf",World Bank (2016),"(World Bank, 2016)","pp. 28-42; 47-54; 69; productivity slowdown, skills mismatch and logistics; original PDF opened",VERIFIED,SRC-002,"Diagnostic evidence; does not prove one causal explanation."
SRC-WB-GHA20-001,World Bank,2020,Structural transformation and labor market performance in Ghana,World Bank report,World Bank,,https://documents1.worldbank.org/curated/en/755321606255985947/pdf/Structural-Transformation-and-Labor-Market-Performance-in-Ghana.pdf,2026-10-06,report,authoritative,"World Bank. (2020). Structural transformation and labor market performance in Ghana. https://documents1.worldbank.org/curated/en/755321606255985947/pdf/Structural-Transformation-and-Labor-Market-Performance-in-Ghana.pdf",World Bank (2020),"(World Bank, 2020)","Box 2 pp. 44-47: Malaysia electronics industrialisation, Bayan Lepas, policy bundle and TNC share; original PDF opened",VERIFIED,SRC-002,"Malaysia material is a comparative box in a Ghana report; mechanisms are historical synthesis."
SRC-WB-MYS22-001,World Bank,2022,Malaysian SME program efficiency review,World Bank report,World Bank,,https://documents1.worldbank.org/curated/en/099255003152238688/pdf/P17014606709a70f50856d0799328fb7040.pdf,2026-10-06,report,authoritative,"World Bank. (2022). Malaysian SME program efficiency review. https://documents1.worldbank.org/curated/en/099255003152238688/pdf/P17014606709a70f50856d0799328fb7040.pdf",World Bank (2022),"(World Bank, 2022)","p. 24 and figure discussion: SMEs 48.0% of employment in 2020; original PDF opened",VERIFIED,SRC-002,"SME size class is not informality; COVID affected the year."
SRC-OWID-WDI26-001,"World Bank; International Labour Organization; United Nations Population Division; Eurostat; Organisation for Economic Co-operation and Development",2026,GDP per employed person,Our World in Data grapher,Our World in Data,,https://ourworldindata.org/grapher/gdp-per-person-employed-constant-ppp,2026-10-06,dataset mirror,secondary distributor,"World Bank, International Labour Organization, United Nations Population Division, Eurostat, & Organisation for Economic Co-operation and Development. (2026). GDP per employed person [Data set; World Development Indicators indicator SL.GDP.PCAP.EM.KD]. World Bank; processed by Our World in Data. https://ourworldindata.org/grapher/gdp-per-person-employed-constant-ppp",World Bank et al. (2026),"(World Bank et al., 2026)","Malaysia rows 1991 and 2020; original WDI API independently re-pulled under SRC-WDI-001",PARTIAL,SRC-002,"Processed mirror; use original WDI query for publication."
SRC-ADB-PHL07-001,Asian Development Bank,2007,Philippines: Critical development constraints,Country Diagnostic Studies,Asian Development Bank,,https://www.adb.org/sites/default/files/publication/29274/cdc-philippines.pdf,2026-10-06,report,authoritative,"Asian Development Bank. (2007). Philippines: Critical development constraints (Country Diagnostic Studies; Publication Stock No. 120907). https://www.adb.org/sites/default/files/publication/29274/cdc-philippines.pdf",Asian Development Bank (2007),"(Asian Development Bank, 2007)","pp. v; 5-15; 24-27; macro crises, infrastructure constraints and business costs; original PDF opened",VERIFIED,SRC-002,"Diagnostic synthesis; alternative causes and causal direction remain."
SRC-BSP-BPO11-001,Bangko Sentral ng Pilipinas,2011,Results of the 2010 survey of information technology-business process outsourcing services,Survey of IT-BPO Services,Bangko Sentral ng Pilipinas,,https://www.bsp.gov.ph/Media_And_Research/Survey%20of%20IT-BPO%20Services%20Report/ICT_2010.pdf,2026-10-06,central bank survey report,authoritative,"Bangko Sentral ng Pilipinas. (2011). Results of the 2010 survey of information technology-business process outsourcing (IT-BPO) services. https://www.bsp.gov.ph/Media_And_Research/Survey%20of%20IT-BPO%20Services%20Report/ICT_2010.pdf",Bangko Sentral ng Pilipinas (2011),"(Bangko Sentral ng Pilipinas, 2011)","pp. 1-3: 2010 IT-BPO revenue US$10.1bn and voice-based support main driver; original 18-page PDF opened",VERIFIED,SRC-002,"2010 sector survey; not a 2020 anchor."
SRC-DOLAN93-001,"Dolan, Ronald E.",1993,Philippines: A country study,Federal Research Division country studies,Library of Congress,,https://tile.loc.gov/storage-services/master/frd/frdcstdy/ph/philippinescount00dola_0/philippinescount00dola_0.pdf,2026-10-06,book/official country study,institutional,"Dolan, R. E. (Ed.). (1993). Philippines: A country study (4th ed.). Federal Research Division, Library of Congress. https://tile.loc.gov/storage-services/master/frd/frdcstdy/ph/philippinescount00dola_0/philippinescount00dola_0.pdf",Dolan (1993),"(Dolan, 1993)","pp. 3-6; 28-31; 76-77; 108-109; 146-147; colonial land/power, education, trade and infrastructure history",PARTIAL,SRC-002,"Library of Congress PDF endpoint returned a malformed file in SRC-002; bibliographic item and DATA-005 prior inspection retained, but exact passages require a clean archival copy."
SRC-HILL13-001,"Hill, Hal",2013,The political economy of policy reform: Insights from Southeast Asia,Asian Development Review,Asian Development Bank,https://doi.org/10.1162/ADEV_a_00005,https://doi.org/10.1162/ADEV_a_00005,2026-10-06,journal article,peer-reviewed,"Hill, H. (2013). The political economy of policy reform: Insights from Southeast Asia. Asian Development Review, 30(1), 108-130. https://doi.org/10.1162/ADEV_a_00005",Hill (2013),"(Hill, 2013)","pp. 108-130; section III.C on Philippine trade-policy reform",VERIFIED,SRC-002,"Comparative political-economy analysis; not a numerical anchor source."
SRC-LIM90-001,"Lim, Joseph",1990,An application of Bacha's three-gap model: The case of the Philippines,Philippine Review of Economics and Business,University of the Philippines School of Economics,,https://www.pre.econ.upd.edu.ph/index.php/pre/article/view/265,2026-10-06,journal article,peer-reviewed historical,"Lim, J. (1990). An application of Bacha's three-gap model: The case of the Philippines. Philippine Review of Economics and Business, 27(1), 63-84. https://www.pre.econ.upd.edu.ph/index.php/pre/article/view/265",Lim (1990),"(Lim, 1990)","Table 1 pp. 74-75: 1960 FOB exports total US$532m; coconut US$177m; sugar US$135m; forest US$95m",PARTIAL,SRC-002,"DATA-005 records opening the scanned original; source page requires manual download. Shares are transparent calculations."
SRC-NASUTION00-001,"Nasution, Anwar",2000,Recent issues in the management of macroeconomic policies in the Philippines,Asia Recovery Information Center,Asian Development Bank,,https://aric.adb.org/pdf/aem/external/financial_market/Philippines/phil_mac.pdf,2026-10-06,report,institutional,"Nasution, A. (2000). Recent issues in the management of macroeconomic policies in the Philippines. Asian Development Bank, Asia Recovery Information Center. https://aric.adb.org/pdf/aem/external/financial_market/Philippines/phil_mac.pdf",Nasution (2000),"(Nasution, 2000)","Table 9 p. 20 and pp. 19-20: 1990 export composition and imported-input caveat; original PDF opened",VERIFIED,SRC-002,"Mixed product aggregation but mutually exclusive within table; not directly matched to 1960/2020 taxonomies."
SRC-PSA-TRADE21-001,Philippine Statistics Authority,2021,Highlights of the 2020 annual final international merchandise trade statistics of the Philippines,Philippine Statistics Authority release,Philippine Statistics Authority,,https://psa.gov.ph/content/highlights-2020-annual-final-international-merchandise-trade-statistics-philippines,2026-10-06,government statistical release,authoritative,"Philippine Statistics Authority. (2021, August 12). Highlights of the 2020 annual final international merchandise trade statistics of the Philippines. https://psa.gov.ph/content/highlights-2020-annual-final-international-merchandise-trade-statistics-philippines",Philippine Statistics Authority (2021),"(Philippine Statistics Authority, 2021)","Figure 3 and Table 2: electronic products 58.2%; other manufactures 5.5%; machinery/transport 3.4%",PARTIAL,SRC-002,"PSA page blocked automated reopening in SRC-002; DATA-005 records prior opening. National PSCC groups differ from historical categories."
SRC-PSA-ASPBI23-001,Philippine Statistics Authority,2023,2020 Annual Survey of Philippine Business and Industry-All establishments by employment grouping: Final results,Philippine Statistics Authority release,Philippine Statistics Authority,,https://psa.gov.ph/content/2020-annual-survey-philippine-business-and-industry-aspbi-all-establishments-employment,2026-10-06,government statistical release,authoritative,"Philippine Statistics Authority. (2023, November 28). 2020 Annual Survey of Philippine Business and Industry (ASPBI)-All establishments by employment grouping: Final results (Reference No. 2023-SSO-215). https://psa.gov.ph/content/2020-annual-survey-philippine-business-and-industry-aspbi-all-establishments-employment",Philippine Statistics Authority (2023),"(Philippine Statistics Authority, 2023)","Tables A; 1; 2: micro/large establishment and employment shares",PARTIAL,SRC-002,"PSA page blocked automated reopening in SRC-002; DATA-005 records prior opening. Formal establishments only and pandemic-affected."
SRC-WB-PHL80-001,World Bank,1980,Philippines: Industrial development strategy and policies,World Bank Country Study,World Bank,,https://documents1.worldbank.org/curated/en/111281468758983004/pdf/multi-page.pdf,2026-10-06,report,primary institutional compilation,"World Bank. (1980). Philippines: Industrial development strategy and policies (World Bank Country Study PUB-2513). https://documents1.worldbank.org/curated/en/111281468758983004/pdf/multi-page.pdf",World Bank (1980),"(World Bank, 1980)","Part II para. 1.11 p. 4; Table I-1 p. 4: 1960 manufacturing share and 1-4-worker manufacturing units; original PDF opened",VERIFIED,SRC-002,"Older NEDA/NCSO national-account and residual estimates; not harmonised with current WDI vintage."
SRC-WB-PHL87-001,World Bank,1987,The Philippines: Issues and policies in the industrial sector Volume II policy annexes,World Bank report,World Bank,,https://documents1.worldbank.org/curated/en/259831468095970280/pdf/multi0page.pdf,2026-10-06,report,primary institutional compilation,"World Bank. (1987). The Philippines: Issues and policies in the industrial sector: Volume II, policy annexes (Report No. 6706-PH). https://documents1.worldbank.org/curated/en/259831468095970280/pdf/multi0page.pdf",World Bank (1987),"(World Bank, 1987)","pp. 1-10; Table 1.1 p. 2; import-substitution history, 1955 employment context and 1950/1960 manufacturing shares; original PDF opened",VERIFIED,SRC-002,"Historical definitions/vintage differ from current series; contextual only unless reconciled."
SRC-WVS-PHL24-001,World Values Survey Association,2024,Philippines-World Values Survey Wave 7 2019,International Household Survey Network catalogue,International Household Survey Network,,https://catalog.ihsn.org/catalog/12297,2026-10-06,dataset and metadata,authoritative archive,"World Values Survey Association. (2024). Philippines-World Values Survey Wave 7, 2019 [Data set and metadata]. International Household Survey Network. https://catalog.ihsn.org/catalog/12297",World Values Survey Association (2024),"(World Values Survey Association, 2024)","Variable Q57 catalogue frequencies: 64 most people can be trusted; 1133 need to be careful; 3 no answer; n=1200; original catalogue page opened",VERIFIED,SRC-002,"Displayed case counts are unweighted and explicitly not population estimates."
SRC-YUSUF10-001,"Yusuf, Shahid; Nabeshima, Kaoru",2010,Changing the industrial geography in Asia: The impact of China and India,World Bank Directions in Development,World Bank,,https://documents1.worldbank.org/curated/en/983591468216577762/pdf/567940PUB0Chan10Box353739B01PUBLIC1.pdf,2026-10-06,book,institutional,"Yusuf, S., & Nabeshima, K. (2010). Changing the industrial geography in Asia: The impact of China and India. World Bank. https://documents1.worldbank.org/curated/en/983591468216577762/pdf/567940PUB0Chan10Box353739B01PUBLIC1.pdf",Yusuf and Nabeshima (2010),"(Yusuf & Nabeshima, 2010)","Figure 4.16 p. 141: Philippines manufacturing share 1990=24.8%; original PDF opened",VERIFIED,SRC-002,"Secondary compilation from older national accounts; not harmonised with the current WDI series."
